# Dump of access_list 
# Dump DATE : 18-Apr-2022

DROP TABLE IF EXISTS access_list;
CREATE TABLE access_list (
  access_key char(32) NOT NULL,
  access_name varchar(256) NOT NULL,
  access_detail text NOT NULL,
  access_class int(11) NOT NULL,
  access_status tinyint(1) NOT NULL,
  PRIMARY KEY (access_key)
) ENGINE=InnoDB DEFAULT CHARSET=utf8;



INSERT INTO access_list VALUES("21adef826d326d4bae44eb0c9e19b8b1","แจ้งซ่อมฝ่ายสารสนเทศ","it",0,1);
INSERT INTO access_list VALUES("295744c466c17b46170f88b5c1b9104d","แจ้งซ่อมฝ่ายอาคาร","building",0,1);
INSERT INTO access_list VALUES("a9b2d4fb55890e95a4c0d8f1150ddd5e","แสดงกราฟรายงาน","report",0,1);
INSERT INTO access_list VALUES("c2bb8023b1ae36aac9cbc8d16c1b27e6","ออกรายงาน","export",0,1);
INSERT INTO access_list VALUES("f1344bc0fb9c5594fa0e3d3f37a56957","พนักงาน","employee",0,1);



# Dump of access_user 
# Dump DATE : 18-Apr-2022

DROP TABLE IF EXISTS access_user;
CREATE TABLE access_user (
  access_key char(32) NOT NULL,
  user_key char(32) NOT NULL,
  access_status tinyint(1) NOT NULL DEFAULT '1'
) ENGINE=InnoDB DEFAULT CHARSET=utf8;



INSERT INTO access_user VALUES("f1344bc0fb9c5594fa0e3d3f37a56957","6102dffc6c359d7584e559a061283aa3",1);
INSERT INTO access_user VALUES("295744c466c17b46170f88b5c1b9104d","6102dffc6c359d7584e559a061283aa3",1);
INSERT INTO access_user VALUES("21adef826d326d4bae44eb0c9e19b8b1","6102dffc6c359d7584e559a061283aa3",1);
INSERT INTO access_user VALUES("f1344bc0fb9c5594fa0e3d3f37a56957","ce63f18f7cf0a712fd4a2f47bc9ae14c",1);
INSERT INTO access_user VALUES("c2bb8023b1ae36aac9cbc8d16c1b27e6","ce63f18f7cf0a712fd4a2f47bc9ae14c",1);
INSERT INTO access_user VALUES("21adef826d326d4bae44eb0c9e19b8b1","ce63f18f7cf0a712fd4a2f47bc9ae14c",1);
INSERT INTO access_user VALUES("295744c466c17b46170f88b5c1b9104d","ce63f18f7cf0a712fd4a2f47bc9ae14c",1);
INSERT INTO access_user VALUES("a9b2d4fb55890e95a4c0d8f1150ddd5e","ce63f18f7cf0a712fd4a2f47bc9ae14c",1);
INSERT INTO access_user VALUES("21adef826d326d4bae44eb0c9e19b8b1","9849773cec4aea1b2f50b16b31869b1f",1);



# Dump of backup_logs 
# Dump DATE : 18-Apr-2022

DROP TABLE IF EXISTS backup_logs;
CREATE TABLE backup_logs (
  backup_key varchar(32) NOT NULL,
  backup_file varchar(256) NOT NULL,
  backup_date timestamp NOT NULL DEFAULT CURRENT_TIMESTAMP,
  user_key char(32) NOT NULL,
  PRIMARY KEY (backup_key)
) ENGINE=InnoDB DEFAULT CHARSET=utf8;






# Dump of company 
# Dump DATE : 18-Apr-2022

DROP TABLE IF EXISTS company;
CREATE TABLE company (
  id int(11) NOT NULL AUTO_INCREMENT,
  company_name varchar(255) DEFAULT NULL COMMENT 'ชื่อบริษัท',
  cp_status int(2) NOT NULL DEFAULT '1' COMMENT '1 ปกติ 0 ลบ',
  show_it int(1) NOT NULL DEFAULT '1' COMMENT '1 แสดง 0 ไม่แสดง',
  show_asset int(1) NOT NULL DEFAULT '2' COMMENT '1 แสดง 0 ไม่แสดง',
  PRIMARY KEY (id)
) ENGINE=MyISAM AUTO_INCREMENT=2 DEFAULT CHARSET=utf8;



INSERT INTO company VALUES(1,"Test 1 Company",1,1,2);



# Dump of department_name 
# Dump DATE : 18-Apr-2022

DROP TABLE IF EXISTS department_name;
CREATE TABLE department_name (
  id int(11) NOT NULL AUTO_INCREMENT,
  department_name varchar(100) NOT NULL COMMENT 'ชื่อแผนก',
  department_status int(1) NOT NULL DEFAULT '1' COMMENT '1 use 0 del',
  PRIMARY KEY (id) USING BTREE
) ENGINE=InnoDB AUTO_INCREMENT=2 DEFAULT CHARSET=utf8;



INSERT INTO department_name VALUES(1,"Management",1);



# Dump of detail_index 
# Dump DATE : 18-Apr-2022

DROP TABLE IF EXISTS detail_index;
CREATE TABLE detail_index (
  id int(11) NOT NULL AUTO_INCREMENT,
  detail longtext,
  datetime_create datetime DEFAULT NULL,
  datetime_update datetime DEFAULT NULL,
  PRIMARY KEY (id)
) ENGINE=InnoDB AUTO_INCREMENT=2 DEFAULT CHARSET=utf8;



INSERT INTO detail_index VALUES(1,"&lt;div class=&quot;widget-header widget-header-small&quot; style=&quot;border-bottom-color:#dce8f1; border-bottom-style:solid; border-width:0px; padding-left:1px; text-align:start&quot;&gt;
&lt;h2 style=&quot;margin-left:8px&quot;&gt;&lt;span style=&quot;font-family:Tahoma,Geneva,sans-serif&quot;&gt;&lt;span style=&quot;font-size:18px&quot;&gt;&lt;span style=&quot;color:#4383b4&quot;&gt;&lt;span style=&quot;color:inherit&quot;&gt;โปรดอ่านคำแนะนำและวิธีการแจ้งซ่อมบำรุงวัสดุ/ครุภัณฑ์ ดังต่อไปนี้&lt;/span&gt;&lt;/span&gt;&lt;/span&gt;&lt;/span&gt;&lt;/h2&gt;
&lt;/div&gt;

&lt;div class=&quot;widget-body&quot; style=&quot;border-width:0px; text-align:center&quot;&gt;
&lt;figure class=&quot;easyimage easyimage-full&quot;&gt;&lt;img alt=&quot;&quot; src=&quot;data:image/jpeg;base64,/9j/4AAQSkZJRgABAQAAAQABAAD/2wBDAAoHBwgHBgoICAgLCgoLDhgQDg0NDh0VFhEYIx8lJCIfIiEmKzcvJik0KSEiMEExNDk7Pj4+JS5ESUM8SDc9Pjv/2wBDAQoLCw4NDhwQEBw7KCIoOzs7Ozs7Ozs7Ozs7Ozs7Ozs7Ozs7Ozs7Ozs7Ozs7Ozs7Ozs7Ozs7Ozs7Ozs7Ozs7Ozv/wAARCAQ4BDgDASIAAhEBAxEB/8QAHAABAQACAwEBAAAAAAAAAAAAAAEFBgIEBwMI/8QATxABAAIBAwIDAwgGBQcKBgMAAAECAwQFEQYhEjFRQWFxBxMiQpGxwdEUMoGhsuEjNTZSdBUzcnOCwvAWJDQ3Q2J1g6LxF1NWkpSzJdLi/8QAGgEBAAMBAQEAAAAAAAAAAAAAAAIDBQQBBv/EADIRAQACAgICAAQEBQQCAwAAAAABAgMRBBIhMRMiQVEFMmGxFIGh0eEjM3GRwfAkQvH/2gAMAwEAAhEDEQA/APJgGu5wAAAAAAAAAAAAAAAAAAAAAAAAAAAAAAAAAAAAAAAAAAAAAAAAAAAAAAAAAAAAAAAAAAAAAAAAAAAAAAAAAAAAAAAAAAAAAAAAAAAAAAAAAAAAAAAAAAAAAAAAAAAAAAAAAAAAAAAAAAAAAAAAAAAAAAAAAAAAAAAAAAAAAAAAAAAAAAAAAAAAAAAAAAAAAAAAAAAAAAAAAAAAAAAAAAAAAAAAAAAAAAAAAAAAAAAAAAAAAAAAAAAAAAAAAAAAAAAAAAAAAAAAAAAAAAAAAAAAAAAAAAAAAAAAAAAAAAAAAAAAAAAAAAAAAAAAAAAAAAAAAAAAAAAAAAAAAAAAAAAAAAAAAAAAAAAAAAAAAAAAAAAAAAAAAAAAAAAAAAAAAAAAAAAAAAAAAAAAAAAAAAAAAAAAAAAAAAAAAAAAAAAAAAAAAAAAAAAAAAAAAAAAAAAAAAAAAAAAAAAAAAAAAAAAAAAAAAAAAAAAAAAAAAAAAAAAAAAAAAAAAAAAAAAAAAAAAAAAAAAAAAAAAAAAAAAAAAAAAAAAAAAAAAAAAAAAAAAAAAAAAAAAAAAAAAAAAAAAAAAAAAAAAAAAAAAAAAAAAAAAAAAAAAAAAAAAAAAAAAAAAAAAAAAAAAAAAAAAAAAAAAAAAAAAAAAAAAAAAAAAAAAAAAAAAAAAAAAAAAAAAAAAAAAAAAAAAAAAAAAAAAAAAAAAAAAAAAAAAAAAAAAAAAAAAAAAAAAAAAAAAAAAAAAAAAAAAAAAAAAAAAAAAAAAAAAAAAAAAAAAAAAAAAAAAAAAAAAAAAAAAAAAAAAAAAAAAAAAAAAAAAAAAAAAAAAAAAAAAAAAAAAAAAAAAAAAAAAAAAAAAAAAAAAAAAAAAAAAAAAAAAAAAAAAAAAAAAAAAAAAAAAAAAAAAAAAAAAAAAAAAAAAAAAAAAAAAAAAAAAAAAAAAAAAAAAAAAAAAAAAAAAAAAAAAAAAAAAAAAAAAAAAAAAAAAAAAAAAAAAAAAAAAAAAAAAAAAAAAAAAAAAAAAAAAAAAAAAAAAAAAAAAAAAAAAAAAAAAAAAAAAAAAAAAAAAAAAAAAAAAAAAAAAAAAAAAAAAAAAAAAAAAAAAAAAAAAAAAAAAAAAAAAAAAAAAAAAAAAAAAAAAAAAAAAAAAAAAAAAAAAAAAAAAAAAAAAAAAAAAAAAAAAAAAAAAAAAAAAAAAAAAAAAAAAAAAAAAAAAAAAAAAAAAAAAAAAAAAAAAAAAAAAAAAAAAAAAAAAAAAAAAAAAAAAAAAAAAAAAAAAAAAAAAAAAAAAAAAAAAAAAAAAAAAAAAAAAAAAAAAAAAAAAAAAAAAAAAAAAAAAAAAAAAAAAAAAAAAAAAAAAAAAAAAAAAAAAAAAAAAAAAAAAAAAAAAAAAAAAAAAAAAAAAAAAAAAAAAAAAAAAAAAAAAAAAAAAAAAAAAAAAAAAAAAAAAAAAAAAAAAAAAAAAAAAAAAAAAAAAAAAAAAAAAAAAAAAAAAAAAAAAAAAAAAAAAAAAAAAAAAAAAAAAAAAAAAAAAAAAAAAAAAAAAAAAAAAAAAAAAAAAAAAAAAAAAAAAAAAAAAAAAAAAAAAAAAAAAAAAAAAAAAAAAAAAAAAAAAAAAAAAAAAAAAAAAAAAAAAAAAAAAAAAAAAAAAAAAAAAAAAAAAAAAAAAAAAAAAAAAAAAAAAAAAAAAAAAAAAAAAAAAAAAAAAAAAAAAAAAAAAAAAAAAAAAAAAAAAAAAAAAAAAAAAAAAAAAAAAAAAAAAAAAAAAAAAAAAAAAAAAAAAAAAAAAAAAAAAAAAAAAAAAAAAAAAAAAAAAAAAAAAAAAAAAAAAAAAAAAAAAAAAAAAAAAAAAAAAAAAAAAAAAAAAAAAAAAAAAAAAAAAAAAAAAAAAAAAAAAAAAAAAAAAAAAAAAAAAAAAAAAAAAAAAAAAAAAAAAAAAAAAAAAAAAAAAAAAAAAAAAAAAAAAAAAAAAAAAAAAAAAAAAAAAAAAAAAAAAAAAAAAAAAAAAAAAAAAAAAAAAAAAAAAAAAAAAAAAAAAAAAAAAAAAAAAAAAAAAAAAAAAAAAAAAAAAAAAAAAAAAAAAAAAAAAAAAAAAAAAAAAAAAAAAAAAAAAAAAAAAAAAAAAAWIm0xERzM+UQ7+HYd1zRE00ObifKbV4j972KzPp5a1aebTpjxk79N7xSObaDJMf93iful0M2nzabJ4M+K2K3929ZiXs1mPaNMlL/AJZiXzARTAAAAAAAAAAAAAAAAAAAAAAAAAAAAAAAAAAAAAAAAAAAAAAAAAAAAAAAAAAAAAAAAAAAAAAAAAAAAAAAAAAAAAAAAAAAAAAAAAAAAAAAAAAAAAAAAAAAAAAAAAAAAAAAAGd2PpjNucRnzzOHTeyeO9/h+b7dN9Nzr7V1mrrMaaJ5rWe05J/JvVa1rWK1iIrEcREdoiHZhwdvmsyubz/h/wCnj9/s6ug2rRbbSI0uCtJ9t572n9ruIrviIiNQ+dva157WnauGXBi1GOaZsdclJ84vETDmor3MTuJ8tQ3roulq2z7X2tHecFp5ifhP4S069L48lqXrNbVmYmsxxMT6PYWs9W7BXV6e24aanGfHHOSsfXr6/GPucWbBGu1W3wPxK02jFl/lP9/7tDAcL6AAAAAAAAAAAAAAAAAAAAAAAAAAAAAAAAAAAAAAAAAAAAAAAAAAAAAAAAAAAAAAAAAAAAAAAAAAAAAAAAAAAAAAAAAAAAAAAAAAAAAAAAAAAAAAAAAAAAAAAAAAAAAbH0303OutXWaykxpqzzWs9pyT+R0305OutXV6usxponmtZ7Tkn8m8VrWtYrWIisRxER2iIdmDBv5rMrnc3pvHjnz+3+VrWtaxWsRERHERHaIhyRWiwJFRUVUqqKISpxExxPeJ84AQl5fv+gjbt51GCscY+fFT/Rnv/JjW19e4ojW6XLHnbHNZ/ZP82qMjJXreYh9txMs5ePS8/YAVukAAAAAAAAAAAAAAAAAAAAAAAAAAAAAAAAAAAAAAAAAAAAAAAAAAAAAAAAAAAAAAAAAAAAAAAAAAAAAAAAAAAAAAAAAAAAAAAAAAAAAAAAAAAAAAAAAAAAAAAAbF0505bXWrq9XWY08TzWs9pyT+R0507bXWrq9XWY08TzWs9pyT+TeK1rWsVrERWI4iI7REOzBg7fNZmc3mdN48fv8A9/qVrWtYrWIiIjiIjtEQ5IrRYMqqKKpFRUUJVUUQlQBXLSuvr1nVaOntrS0z8OY/JqTM9V679N37L4Z5ph4x1n4ef75lhmRlt2yTMPtuFjnHx6Vn7fuAK3UAAAAAAAAAAAAAAAAAAAAAAAAAAAAAAAAAAAAAAAAAAAAAAAAAAAAAAAAAAAAAAAAAAAAAAAAAAAAAAAAAAAAAAAAAAAAAAAAAAAAAAAAAAAAAAAAAAAAAANi6d6dtrrV1errMaeJ5rWe05J/I6d6dtrrV1errMaeJ5rWe05J/Ju1a1rWK1iIrEcREdoiHZgwdvmszeZy+u6Y/f/v9VrWtaxWsRERHERHaIhQaLDlVRRXKqiiuRUVFCVVFEJVh+pN6rtGgmMdv+c5YmMdY849Z/wCPa+2871p9n0vzmT6eW3MY8cT3tPrPpDzfXa7Ubjqr6nUX8eS32RHpHpDmz5opHWvtqfh/AnNaMl4+WP6/4+7rgM19QAAAAAAAAAAAAAAAAAAAAAAAAAAAAAAAAAAAAAAAAAAAAAAAAAAAAAAAAAAAAAAAAAAAAAAAAAAAAAAAAAy2h2S2WIyamZpWe8Ujzn8k8eO2SdVhbjx2yW1ViRt2HR6bBHGPDSvv45n7XYd0cGdebOyODOvMtJG3ZtBpdRH9JhpM+sRxLC7hst9NE5cEzkxR3mPbWPxUZeLekbjyoy8a1I3HliwHK5QAAAAAAAAAAAAAAAAAAAAAAAAAAAAABsPTvTttdaur1dZjTxPNaz2nJP5HTvTttdaur1dZjTxPNaz2nJP5N1rWtaxWsRFYjiIjtEQ7MGDt81oZ3L5XX5KT5Wta1iK1iIrEcREdoiHJFaLFlQBCVVFFcqqKK5FRUUJVj953nT7PpPnMn08tu2PHHnafWfSE3nedPs+l+cv9PLbmMeOPO0+s+kPONdrtRuGqvqdTfx3t9kR6R6Q5s2eKR1r7aXB4E5573/L+/wDg12u1G46q+o1F/Fe32R7o9IdcGdMzM7l9PEREagAeAAAAAAAAAAAAAAAAAAAAAAAAAAAAAAAAAAAAAAAAAAAAAAAAAAAAAAAAAAAAAAAAAAAAAAAAAAAAAAACxE2mIjzntAky2y6CLz+lZY5rWeKRPtn1Z18sGKuHBTFXypEQ+rdw4ox1isN/DijFSIhVRVycqqLAqlre9aCNNljPijjFknvEeVZYtuG4YI1GhzY/bNZmPi09jcrFFL7j6snkY4pbcfUAcrmAAAAAAAIiZniO8z5QA7uj2fW66ItixeGk/Xv9GP5/sZrZ+n6Yq11Gtr4rz3rinyr8fWWfiIjtHk7cXFm0drvJlrmLpLtzm1ff2xSn4/yfWeksPHbVZIn30iWfV1fw+L7ITaWp6npXV44mcGWmaI9n6sz/AMfFhs2DLp8s482O+O0edbRxL0Z8NZodPrsM4tRji0ey3trPrEqsnErMbrKMZZj289Hf3Xacu2Z/Db6eK/6mT1/m6DOtWaz1tC6JiY3AA8AAAAAAAABsPT3T1tbaur1dZjTRP0az2nJP5J0909bW2rq9XWY08TzWs9pyT+Tda1rWsVrERWI4iI7REOzBg7fNaHByuT13Sk+VrWtaxWsRFYjiIjtEQqK0WPKqiiuVAEJVUUVyqoorkdDed5wbPpvHf6eW3bHjjztPrPpDjvO84No03jv9PLb/ADeP22n1n0h51rdbn3HU31Opv472+yI9PdDkzZopHWvto8Lgzmnvf8v7/wCDXa7Ubjqr6jUX8V7fZHuj0h1wZ0zMzuX0sRERqAB4AAAAAAAAAAAAAAAAAAAAAAAAAAAAAAAAAAAAAAAAAAAAAAAAAAAAAAAAAAAAAAAAAAAAAAAAAAAAAAAAD66Xj9Lw8+Xjjn7YfJa2mtotHnWeYexOp2lWdTtuLk+ePJGTHW9fK0RMPo+h3vzD6aZ3G4VUV6rlVhFgVSrRp8+3k3LW5o0+iy5Z+rWePj7P3tNZfOmN1hm8ufMQAOBxAAAAAERMzxHeZ8oAiJmeI7zPlDadk2SNNFdVqq85p71rP1PfPvTZNljTRXU6mnOae9az9T3/ABZxpcfj61a0PdKqK7UJVUUVyqorxVL4a3R49dpb6fLH0bR2n21n1aBqMF9NqMmDJHFsdprL0dqXVumjHrsWoiO2WvE/GP5TDj5eOJrFoTw21PVgQGa6AAAAAABsHT3T0621dXq6TGnifo1ntOSfyOn+n51tq6rV1mNPE/Rr5Tkn8m51rWtYrWIisdoiO0RDswYO3zWhxcnk9d1rPla1rWsVrERWI4iI7REOSK0WRIqKISqoorlQBCVVFFcqx+8bxg2jTeO/08tu2PH7bT6z6Qm8bxg2jTeO/wBPLb/N4/bafWfSHnWt1ufcNTfU6nJ473+yI9PdDlzZopHWvtocPhTmnvf8v7/4Ndrs+4am+p1N/He32RH4Q+AM2ZmZ3L6OIiI1AA8eAAAAAAAAAAAAAAAAAAAAAAAAAAAAAAAAAAAAAAAAAAAAAAAAAAAAAAAAAAAAAAAAAAAAAAAAAAAAAAAAAAAAM1smujj9EyTxMd6TPt9zNNLiZiYmJ4mO8TDN6He68Rj1faY8ske34w0uNyYisUu1OLyqxXpdmlfPHkplr4qXi8etZ5fRob35h3zMT5hVh8sufFgr4suSlI988MLuG+TeJxaTmtZ7TkntM/D0VZctccbtLny5a448pvuvjNeNLinmtJ5vMe2WHBi5Mk5LTMsjJeb27SAIKwAACImZ4jvM+UAREzPEd5nyhtGy7LGmiNTqac5p71rP1Pf8U2XZY00RqdTHOae9az9T3z72baXH4+tWtC2K/WVVFdqEqqKK5VUUVyqorxVKsB1fWP0LBb2xkmI+z+TPtc6wzR83psPPeZm0x9nH3qOR/tS8x/nauAyHYAAAAM/0/wBPzrbV1WqpMaeJ+jXynJP5HT/T8620arVRMaeJ+jXynJP5NzrWK1itYiKxHERHaIh24MHbVrQ4+RyOu61nyVrWtYrWIisRxER2iIckVoMqVVFEJFRRCVVFFcqAISrobxvGDaNN47/Ty27Y8fttPrPpCbxvGDaNN47/AE8tv83j9tp9Z9IeeazWZ9fqb6jUX8d7/ZEenuhy5s0UjrX27uJw5yz3v+X9/wDBrtdn1+pvqNRfx3t9kR6e6HXBmzMzO5fQxERGoAHjwAAAAAAAAAAAAAAAAAAAAAAAAAAAAAAAAAAAAAAAAAAAAAAAAAAAAAAAAAAAAAAAAAAAAAAAAAAAAAAAAAAAAAAABa2tWeazNZ9Y7Pp+l6njj9Iy8enil8h7EzHqUomY9LMzaebTMz6ygPAAEQAACImZ4jvM+UAREzPEd5nyhs+y7NGmiNTqY5zT3rWfqe/4ps2zRp4jU6mOc0961n6nvn3s00uPx9fNZfSmvMqqK7nsqqK8UyqoorlVRRXKqivFUq0TfdbGv3PJek846fQpPuj2/byzvUW810+K2i09uct44yWj6kenxakzuVlifkqtxU15kAcS4AAZ7p/YJ1tq6rVRMaeJ+jXynJP5GwbBOttXVaqJjTxP0a+U5J/JuVaxWIrWIisRxER2iIduDB21a0OXPn67rWVrWKxFaxEViOIiO0RDkitFmSKivFcqqKISKiiEqqKK5Vj933jBtOm8d/p5bc+DH7bT6z6Qm77vg2nTeO/08lv1MfttPrPpDz3WazPr9TfUai3jvf7Ij090ObNmikda+3bxOJOWe1vy/uazWZ9fqb6jUX8d7/ZEfhD4AzJmZnct6IiI1AA8AAAAAAAAAAAAAAAAAAAAAAAAAAAAAAAAAAAAAAAAAAAAAAAAAAAAAAAAAAAAAAAAAAAAAAAAAAAAAAAAAAAAAAAAAAAAAAAAACImZ4jvM+UAREzPEd5nyhsuzbPGniNTqY5zT3rWfq+/4mz7PGniNTqY5zT3rWfq++fezLS4/H181nTjx68yqoruTlVRRXKqivFMqqKK5VUUVyrC77vsaKJ02mnnPPnb2Uj803zfI0cTptNPOefO3spH5tSmZtM2tPMz3mZ85lxcjP13WsvaU35kmZtM2tPMz3mZ85lAZq0AAZ3YNgnWzGq1UTGnifo18pvP5GwbBOsmNVqomNPE9q+U3n8m5VrFaxWsRFYjiIjtEQ7cGDtq1oc2bPr5alaxWIrWIisdoiO0RDkitFnSqoohIqK8VyqoohIqKISr5avU00eky6nJ+rjrMzHr7n1YTq+9q7FatfK+StZ+Hn98K8lutZl7ip3yVrP1lpWu1ubcNVfU57c2vPaPZEeke51wY8zMzuX08REREQAPHgERMzERHMz2iIbnsPSWPHSup3KvivPeuGfKPj6/BZSlsk6qpz8imCva8ta0WzbhuH/RtNa9f789q/bLNYuhdbaInLq8OP3ViZn8G7VrWtYrWIisdoiO0RCu2vFpH5p2wsv4rmtPyREf1aXboPURH9HrsVp9LUmPzY3W9K7ro+bfMfPUjztinxfu83o6vbcbHPpVT8V5FZ+bUvHrVms8T2mPOB6XvPTuj3fHa80jFqOPo5ax5z749rz7cNv1G2aq2n1NfDevlPstHrHrDiyYrY/bc4nNx8iPHifs6oCp2AAAAAAAAAAAAAAAAAAAAAAAAAAAAAAAAAAAAAAAAAAAAAAAAAAAAAAAAAAAAAAAAAAAAAAAAAAAAAAAAAAAAAAAERMzxHeZ8oEiImZ4jvM+UNk2fZ408RqNRHOWe9az9X3/ABTaNojTxGo1Ec5Z71rP1ff8WZafH4+tWtDqxYteZVUV3LZVUV4qlVRRXKqivFMqqKK5Vhd83yNHE6bTTznnzt7KR+Zve+RpInTaaec8+dvZSPzanMzaZtaeZnvMz5zLi5HI67rWXkV35kmZtM2tPMz3mZ85lAZqYAAzuw7DOstGq1UTGnie1fKbz+SbBsf6daNTqY409Z7R/fn8m41rFYitYiKxHERHaIh24MHbVrOfNm18tVrWKxFaxEVjtER2iIUGi4JVUUQlVRRCRUV4rlVRRCRUUQlXR3rRTuG0Z9PWObzHip8Ynnj93DvK8tEWiYlGtppaLR9Hk0xMTxPaY84G6790v+m5LarRcVy273xz2i0+70lqWo0Gr0lprqNPkx8f3qzEMfJitjnUw+iw8imau6z5dciJmYiI5me0RDtaXbdZrbRXT6bJk59sVniP2+xuPT/TNdvtGp1fgyaiP1ax3inv98vceK2SfEPM/Kx4K7mfP2cem+m40UV1msrzqJ70pP8A2fv+P3NlRWpSlaV61fL58181u1hUVJzSqoohKsT1Ds9N22+1ax/zjFEzjt6+sftZYeWrFo6y9x5bYrxevuHjsxNbcT2mPOBmurdFGi33L4I4pmiMkR8fP98SwrHtWazqX3GK8ZMcXr9Y2AIpgAAAAAAAAAAAAAAAAAAAAAAAAAAAAAAAAAAAAAAAAAAAAAAAAAAAAAAAAAAAAAAAAAAAAAAAAAAAAAAAAAAERMzxHeZ8oEiImZ4jvM+UNj2jaI08RqNRHOWe9az9X+abRtMafjUaiOcs961n6v8ANmGnx+PrVrQ7cWHXzWVUV3LpVUUVyqorxVKqiiuVVFeKZVht73uNJE6bTTznnzt7KR+ab3vcaSJ02mnnPPnb2Uj82qzM2mbWnmZ7zM+cy4uRyOu61lHRMzaZtaeZnvMz5zKAzQAAdnb9HbX67Fpq9vHPefSPbP2Os2PpDTxObUaiY/UrFYn4/wDssxU73iqN7dazLZ8OKmDDXFjr4aUiKxEeyH0RW0zpUAVyqoohKqiiEiorxXKqiiEioohKqiiuVAEJVUUVyqoorkVFRQlVRRCVAFctK6+rEanR39s0tEz7uY/NqTa+vcsW1ukxR51xzM/tn+TVGVn/ANyX2f4dExxab/8AfIApdoAAAAAAAAAAAAAAAAAAAAAAAAAAAAAAAAAAAAAAAAAAAAAAAAAAAAAAAAAAAAAAAAAAAAAAAAAAAAAAAABETM8R3mRIiJmeI7zPlDYtp2mNPEajURzlnvWs/V/mm07TGCI1GojnL51rP1f5svDT4/H1q94d+Dj6+ayqiu51SqooplVRRXKqivFUqqKK5Vh963qNJE6bTTznnzt7KR+ab1vUaOJ0+nnnPPnb2Uj82rTM2mZmeZnvMz5zLh5HI67rWVUyTM2mbWnmZ7zM+cygM1AAAAAbb0hx+g5/X5zv9jUmydH54i+p08+cxF4+6fvh0cadZYV5Y+WW0qitZnyoAhKqiiEqqKISKx+6btg2rT+PJ9LJb9THHnafwj3tO1vUG46y8zbUXxVnypimaxEfj+1z5c9cfiVmLj2y+Y9PQleY01+sxW8VNVlrMe2LzDP7T1blpeuHcf6THPb52I4tX4+sIU5VbTq0aTycK9Y3WdtvVxrat6xasxaLRExMd4mPVydTOlVRRXKgCEqqKK5VUUVyKiooSqoohKkzERMzPER3mZGrdXb/AF0+C23aW3Oa8cZbR9WPT4z9yGS8UruVnH49uRkilWr79r43Ld8+orP0JtxT/Rjt/NjgZFpmZ3L7ela0rFY9QAPHoAAAAAAAAAAAAAAAAAAAAAAAAAAAAAAAAAAAAAAAAAAAAAAAAAAAAAAAAAAAAAAAAAAAAAAAAAAAAAABETM8R5iRETM8R3mWwbVtUYIjUaiOcs961n6v8zatqjBEZ88c5fOtZ+r/ADZZp8bja+e7S4/G6/PdVhFhoOuVVFRVyqooplVRRXKqivFUqxG871GkidPp55zT5z7KR+abzvMaSJ0+nnnNPnb2Uj82rzM2mZmeZnvMz58uHkcjrutZUXt9IJmbTMzPMz3mZ8+UBmqgAAAAAB2ts1s6DX4tRH6tZ4tHrHtdUexMxMTBMbjUvS8d6ZKVvSYtW0RaLR5THq5tQ6e32NLxo9VbjFM/QvP1J/Jt0TExExPMT3iYbGLLXJXcM/JSaTqXIBaolVRRCVdDdt3w7Vp/Hf6WW36mP2zPrPuTdt3wbXg8V58eW0fQxx5zPrPpDQ9Xq82u1Fs+ot4r2+yI9Pg5c+eKR1r7X4ME5J7W9Gr1ebXai2o1FvFe32RHp8HxBmTMzO5akRERqAB48bp0frrZ9Dk0mSeZwTE15/uzz2/c2Np3RNLTrNTeP1YxxE/Hn+Utxa3HmZxxtg8ysVzTpVRV7ilQBCVVFFcqqKK5FRUUJVUa71J1LXbq20mktFtTaOLWjvGOPzRvetK9pTw4L579KHUvUtdupbSaS0W1No4taO8Y4/NoVrWvebWmbWtPMzPeZkta17za0za1p5mZ7zMoysmS2S25fW8Xi049Otff1n7gCt0gAAAAAAAAAAAAAAAAAAAAAAAAAAAAAAAAAAAAAAAAAAAAAAAAAAAAAAAAAAAAAAAAAAAAAAAAAAAAAAERMzxHmJERMzxHmz+1bXGDjPnjnL51rP1f5pte1xg4z545yecRP1f5ss0+NxtfPdqcbi9fnvCqitB3SqwiwKpVUVFXKqiimVVFFcqxO87x+iROnwTzmmO9v7kfmyOpzxptNlzTHPzdZtx6zx2ho+TJfLktkvPNrzMzPrLj5WWaRER7lz5ba8Q4zM2mZmeZnvMz58gMpzAAA5Ux3y3imOk2tbtERHMzLOaLpfLliL6vL81E/Ur3n9s+z96dMVsk6iDbAjdcPT+24o/6P45/vXvM/ufWdk22Y4nSY/2cw6f4O/3hGbxDRRt2p6W0WSJnBe+C3s7+KPsnv+9gNw2bV7d9LJXx4vZkp3j+SrJgvTzMEXrLoAKEhk9t37V7bxSJ+dxf/Lv7Ph6MYJVtas7iXlqxaNTDddL1Tt2eI+dtfBb2xaOY/Zw71d326Y5jW4f22iHng6Y5d49qJ41J9N/zb/teGOZ1dLT6UiZ+5htf1fNqzTQ4fBz/ANpk4mfs8msiN+Te0ajw9rxqRO58uebNk1GW2XNkm97d5taeZcAcy8AAIiZmIiOZntEQREzMREczPaIhuvTvTsaOK6zWV5zz3pSfqe+ff9yzFitktqFWXLXFXtZ3OnNrttu3R87HGbLPivHtj0hlkVrVrFaxWHz+S83tNrKqKmplQBCVVFFcqqKK5FRr3UnUtdurbSaS0W1No4taO8Y4/NXe9aV7SnhwXzX6UXqTqSu30tpNJaLam0cWtHeMcfm0K1rXvNrTNrWnmZnvMz6lrWvabWmbWtPMzPeZn1RlZMlslty+r43Gpx6da+wBW6AAAAAAAAAAAAAAAAAAAAAAAAAAAAAAAAAAAAAAAAAAAAAAAAAAAAAAAAAAAAAAAAAAAAAAAAAAAAAAACImZ4jzEiImZ4jzZ7a9sjBxnzx/SecVn6v802zbIwcZ88f0nnFZ+r/NlGnxuNrV7w1+JxOv+pk9q5OLk0HfKqiiuVWEWBVKqioq5VUUUyqoorl093rNtp1ER5+Hn98NNb7alb0tS0c1tExMesNL3DRX0Grthv3r50t6x6s3m0ncWcuWPO3WAcCgfTT6fLqs9cOGnivbyj8TT6fLqs9cOGnivbyj8W5bXteLbsHEfSy2/Xv6+74OjDhnLP6JG17Th27FzHF81o+lk/CPSGQRWtWtaxqsK5VUV6rlSa1tWa2iLVmOJie8TArxVLUd/wBjjR/8600f0Ez9Kvn4J/Jg3pOTHTNitjyR4q3iazWfbDz/AHHR20Guy6ae8Un6M+seyfsZnJxRSe0el2O+/EusA5FoAAAAAAREzMREczPaIgiJmYiI5me0RDc+nuno0cV1msrznnvSk/U98+/7lmLFbJbUK8uWuKvaV6e6ejRxXV6uvOee9KT9T3z7/ubEitalK0r1qw8uS2S3awqKmolVRRXKgCEqqKK5VUa91H1HXb6W0mktE6mY4taO8Y4/NXe9aV7WSxYbZrdar1J1JXb6W0mktFtTaOLWjvGOPzaHa1r3m1pm1rTzMz3mZLWte02tM2taeZme8zKMrJktktuX1HG41MFOtQBW6AAAAAAAAAAAAAAAAAAAAAAAAAAAAAAAAAAAAAAAAAAAAAAAAAAAAAAAAAAAAAAAAAAAAAAAAAAAAAAAABmto0EVrGpyx9Kf1Kz7I9WM0eD9J1WPFP6szzPwbREREcR2iPKHdw8UWnvP0avAwReZyW+n7qqK1WvKuTi5CuVVFFcqsIsCqVVFRVyqooplVRRXKvlqdJg1mH5rPj8VfZPtifWJfVXkxExqVVmu5+l7886fUxMeyMkTEx+2PyccXS2om39NqMda/wDc5tP4NlVzfwuLe9KZrDq6DbdNt9OMNfpT53t3mXcRV8VisahXKqivVcqqKK5VUV4qlWr9X4IjJp9REd7RNJn4f+8toYHq/j9Bwevznb7FHIjeKTHPztSAZDrAAAACImZiIjmZ7REERMzERHMz2iIbl0909Gjius1lec896Un6nvn3/csxYrZLahXkyVx13K9PdPRo4rq9XXnPPelJ+p759/3NhRWtSlaVitWNlyWyW7WVUVNRIqKISqoorlQBCVVGv9RdSV0FbaTSWidTaOLWjvGOPzV3vWle1nuLDbNaK1Oo+o67fS2k0lonU2ji1o7xjj82i2ta95taZm0zzMz3mZLWte02tMzaZ5mZ7zMoysmS2S25fTcfj1wV61AFa8AAAAAAAAAAAAAAAAAAAAAAAAAAAAAAAAAAAAAAAAAAAAAAAAAAAAAAAAAAAAAAAAAAAAAAAAAAAAAAAAABlNirE58lvSvEfazbC7FMfO5o9sxE/vlmmzxP9qH0fAiP4eP5qqK6nTKuTi5CuVVFFcqsIsCqVV18+t02l/z2aKT/AHfOfsdau+6CZ4nLMe+aTwqtlpWdTMOe16xOplklfLDnxZ6+PDet49azz9r6pRMTG4Rnz6VUV6rlVRXiqVVFFcqqK8UyqoorlVRRXKqivFUq1jq/PE5NPp486xN5/b2j7pbLkyUw4rZMk+GtIm02n2Q8/wBx1ltfr8uontF5+jHpHsj7HJyrxFOv3SxV3bbrAMx0gABETMxERzM9oiCImZiIjmZ7RENx6f6fjRxXV6uvOee9KT9T3/H7lmLFbJbUIZMlcddyvT2wRo4rq9VXnPPelJ+p759/3NhRWtSlaV61ZGS9r27WFRU1EqqKISKiiEqqKK5UGv8AUXUVdBS2l0tonUTHFrR3jHH5oXvWle1kseK2W3WsHUXUVdBS2l0tonUzHFrR3jHH5tGta1rza0zNpnmZnvMyWta1ptaZm0zzMz3mZRk5Mlslty+i4/Hrgr1qAK14AAAAAAAAAAAAAAAAAAAAAAAAAAAAAAAAAAAAAAAAAAAAAAAAAAAAAAAAAAAAAAAAAAAAAAAAAAAAAAAAAAADubVmjDra8zxXJHhlsbUImYnmO0x5S2bb9XGr08Wmfp17Xj3+rT4WWNTSW1+HZo1OOXaVFaDSlXJxchXKqiiuVYvdd2jTRODBPOafOfOK/wA03XdY00TgwTzmnzt/d/m12ZmZmZnmZ7zMs/kcjrutZZvIz6+Wq2ta9ptaZtae8zPeZQGYz300+oy6bLGTDaa2j7J9zbtu11NfpoyxHFo7Xj0lprL9OZbV118X1clOePfE/wDu6+Llmt4j6StxXmJ02ZUVrOqVVFeKpVUUVyqorxTKqiiuVVFFcqvMREzM8RHnKcxETMzxEectT33fZ1U20ultxhjte8fX93w+9Tly1x13KMVm06g3/fP0uZ0mmn+hrP0rf35/JggZN72vaZsvrWKxqABB6ERMzERHMz5QREzMREczPlDcOn9gjSxXV6uvOee9KT9T3z7/ALlmLFbJbUIZMkY67k6f6fjSRXV6uvOee9KT9T3/AB+5sKK1qUrSvWrKyXte3ayqirFUiorxXKqiiEioohKqjAdRdRV0FbaXS2idRMcWtHeMcfmhe9aV7WMeK2W3Wp1H1FXQUtpdLaJ1Exxa0d4xx+bR7Wta82tMzaZ5mZ7zMlrWtabWmZtM8zM95mUZOTJbJbcvocGCuGvWoArXAAAAAAAAAAAAAAAAAAAAAAAAAAAAAAAAAAAAAAAAAAAAAAAAAAAAAAAAAAAAAAAAAAAAAAAAAAAAAAAAAAAAAAD66fUZNNljJjniY849kx6PkPYmYmJiU62ms7hs+j3DDq6/Rnw39tJ8/wBnq7TTomYnmJ4mPKXewbxq8McTaMkR/fjmfzaWLmxrV4amL8QiY1khsjkwdeoLRH0tNEz7r8fgluoMk/qaetf9K0yu/isP3XzzMOvbOsVuO81xxOLSz4r+U3jyj4essTqNw1OqjjJlnw/3Y7Q6zly8ybRNaOHLzJtGqEzMzMzPMz3mZAcDhABEZfpzFa2uvl+rjpxz75n/AN2MwYMmpzVxYqeK1vKG3bdoaaDTRiiebT3vPrLr4uKbX7fSF+KkzO3bVFazqlVRXiqVVFFcqqK8UyqoorlV5iI5ntEecpzERMz2iPOWqb5vs6mbaXS24wx2vePr+74feqy5a467lDW5Xfd9nVTbS6W/GGO17x9f3fD72CBkZMlr27WWxERGoAEAIiZmIiOZnygiJmYiI5mfKG37BsEaWK6vV15zT3pSfqe/4/csxYrZLahHJkikbk2DYI0sV1errzmnvSk/U9/x+5sANalK0r1qzcl5vO5VUVYplVRRCRUV4rlVRRCRUYDqLqKugrbSaS0TqJj6Vo7xjj80L3rSvaxjxWy261XqLqKugrbS6W0TqJji1o7xjj82kWta15taZm0zzMz3mZLWta02tMzaZ5mZ7zMoycmS2S25b2HDXDXrUAVrgAAG07H0jOopXU7jzjx271xR2m0esz7PvTpS151WFWbNTDXtefDWK0tktFaxNpnyiO8y7EbVuM18UaLPNfX5u3D03TaPTaKng0+DHjj/ALscTPxnzl2HXHE8eZZN/wAX8/LR5Hkw5MNvDkx2pb0tHEuD1zNgxaik0zYq5aT5xeImGsbz0bjvW2fbPo3jvOG09p+E+z9qGTi2rG48rsP4rjvbrkjr+zShb0vTJal6zW1ZmJrMcTE+iORqgAAAAAAAAAAAAAAAAAAAAAAAAAAAAAAAAAAAAAAAAAAAAAAAAAAAAAAAAAAAAAAAAAAAAAAAAAAAAAAAAAAAAAAAD6YMGTUZq4sVPFa3lBgwZNRmrixU8VreUNq27bsegw8R9LJb9a34R7nRhwzln9F+LFOSf0Xbtux6DDxH0stv17/h8HdRWvWsVrqrt1FY1CqipISqorxVKqiiuVVFeKZVeYiOZ7RHnKcxEcz2iPOWrb5vk6mbaXS24wx2taPr+74K8uWuOu5QmNm+b5Opm2l0tuMMdrWj6/u+H3sGDHyZLZLdrPYjQAgAO/smhjX7njxWjnHX6V490ez7ez2tZtaKwTOo3LOdN7LXFjrrdTXnJbvjrP1Y9fj6NjSFbOPHXHXUM69ptO5UBYplVRRCVVFEJFRXiuVVGB6g6groK20ultE6iY4tbzjHH5oXvWlZtZ7THbJaK1g6g6hroKW0ultE6iY+lbzjHH5tJta17Ta0zNpnmZnvMyWta9ptaZm0zzMz3mZRk5Mlslty28OGuKuoAFa0AAABs3SGz11eonXaivOPDPFInytb+TeHQ2bS10e06fDWOOKRa3xnvP3srpNXl0WaMuHw+LjiYvWLRMendq46fDpqI8vleXn+NnmbT49fyfFW5dTau2k2/R302LDjtqKz45jFWfZHbv8AF0N236uGMOn26uCIrjr48nzdbTM8eUcqcfJvkiJrT3v6/b+T3NxceK1q2v619Pe/t5/7a6rbuotZl2/T7fk00Yq2zVtN+cVZ8Ux4fd75YnfNfp9w0uiy4qY8eTw2jLSkR2nt+72w9xci+SKz18Tv6/b+SrkcauKbV7+Y14173r9ZeedZbLXJhnc8FeL04jNEe2PZb4tJevZcNc+HJivHNL1msx7ph5LqMNtPnyYbfrUtNZ+MKuVjittx9Wv+E57ZMc47f/X9nzAcjXAAAAAAAAAAAAAAAAAAAAAAAAAAAAAAAAAAAAAAAAAAAAAAAAAAAAAAAAAAAAAAAAAAAAAAAAAAAAAAAAAAAAHPBgyajNXFir4rW8oMOG+ozVxYq+K1vKG07dt+PQYeI+lkt+tb8Pg6MOG2Wf0dGLFOSf0Xbtvx6DFxH0slv1rfh8HdRWxWsVjrVoxWKxqFVFeq5VUUVyqorxVKqiiuVXmIjme0R5ynMRHM9ojzlq+973Opm2l0tuMMdrWj6/uj3KsuWuOu5VSb3vc6mbaXS24wx2taPr+74MIDHyZLZLTNkABAAAGz9H4Y8Gpzz5zMVift5/BrDbOkLR+g56+2MnP7v5OjjR/qwry/klsKorWZ8qAISqoohKqiiEiowXUHUFdDS2l0tonUT+tbzjHH5q73rSvaxTHbJbrWF6g6hroa20ultE6iY4tbzjHH5tJta1rza0zNpnmZnvMyWta1ptaZm0zzMz3mZRk5Mlslty2MWKuKuoAFa0AAAAAB63j8M46zX9XiOPg5sdsWrrrdm02WJ5mtIpb4x2/DlltLp/0nN81OfFhjjnxZrcQ2u0RXt9Hx18dovNPrvTaOr/6r2z4T91Wptu6hnR7hoNLj0+46Wb6eJ5icnHi7R5fY1jSaaNXlnHOow4YiPF4stuI847fHu4eFeK4Pm+m3T+IVm3Inr9dftDYur/8AoW1dv+zv91WsNs6ijRbjo9LGm3LSzbTVtExbJx4o4jy9/ZqafBt/oxX7b/eVf4nH/wAibRPidftCvKt6/rzXf4i/3y9P1Oeml02XPf8AVx1m0/Y8lzZbZs18t+9r2mZn3vOXMeIdn4LSd3t/w4gOF9AAAAAAAAAAAAAAAAAAAAAAAAAAAAAAAAAAAAAAAAAAAAAAAAAAAAAAAAAAAAAAAAAAAAAAAAAAAAAAAAAAAOeHDk1GWuLFTxWt5QYcOTUZa4sVfFe3lDaNv2+mhxcR9LJb9a34R7nRhw2y2/R0YcNss/obft9NDi4j6WS361vwj3O7CLDYrWta9atWKxWIrEKqK9RlVRRTKqiiuVVFeKpVeYiJme0R5y48xEcz2iPOWs71vU6mbabTX4wx2taPr+6Pcpy5a4q7lVadG9b1Opm2m01+MMdrWj6/uj3MKDIyZLZLTNlQAgiAAAANg6R1MU1ebTzP+drEx8Y9n2S199dNqL6XU48+OeLY7RaPyTxX6WiXl69qzD0hXX0erx63S01GKea3jnj2xPtiXYbUTExuGdaNeJUB6qlVRRCVVGC3/qCNDW2m01onPMfSt5xjj81d71pWbSUpa9utTqDqCuhrbTaa0TqJj6VvOMcfm0u1rXtNrTM2meZme8zJa1r2m1pmbTPMzPeZlGTkyWyW3LWxYq4q6gAVrAAAAAAAAGwdK71XbdVOm1FuNPmmPpT5Ut6/D2S32J57x5PImw7J1Vm26tdPqonNp47R/epHu9Y90uzBnisdbMrncGcs/Ex+/wB2+q6Gj3vbdfETg1ePmfqXnw2+yXfiYmOY8ndFomNxL569L0nVo1/yqupqt00GirNtTqsVOPZzzP2NV3nrO+as6fbYnHSe05rdrTHuj2fHz+CGTNWkeV2DhZs1oisePvPp9Osd8raP8l6a3MRPOaY8ufZX8WnkzMzzPmMu95yTuX1XHwVwY4pUAQXAAAAAAAAAAAAAAAAAAAAAAAAAAAAAAAAAAAAAAAAAAAAAAAAAAAAAAAAAAAAAAAAAAAAAAAAAAAAAAAADnhw5NRlrixU8VreUGHDkz5a48dfFe3lDZtBoKaHFxH0slv1rfh8HRhw2y2/R04ME5p/Rdv0FNDi4j6WS361vwj3O4itita1rFaw2IrWlYiFWEWE0ZVUVFXKqiimVVFFcqvMRHM9ojzlx5iI5ntEecta3neZ1EzptNPGGO1rR9f3fBVly1xV3Km9oiF3rep1MzptNPGGO1rR9f3fBhQY2TJbJabWlyzMzO5AEHgAAAAAAADI7PvGTa8/tvhvP06fjHvbtpNZp9dhjNp8kXrPnx5xPpMex5w+um1WfSZYy6fLfHb1r7fzdOLPOP5Z9KsuKL+YelDUtL1fqKRFdTgpl99Z8M/td6vV+i4+lgzRPuiJ/F2xyMc/Vx2wXj6NgVrObrLFEf0GltafW9uGG1/UG4a+JpfL83inzpj7RMe/1RvycdY8Tsrxr2nz4Z/fOpMemrbTaK0XzT2nJHeKfD1lp9rTaZtaZm0zzMz3mZQZ+XJbJO5duPHXHGqgCtYAAAAAAAAAAAAAAAAAAAAAAAAAAAAAAAAAAAAAAAAAAAAAAAAAAAAAAAAAAAAAAAAAAAAAAAAAAAAAAAAAAAAAAAAAAAAAAAAAAOeHDkz5Yx448VreUGHDkz5Yx448VreUNk0Ghpo8XEfSyW/Wt+HwdGDBbLb9HVx+POaf0XQaDHo8XEfSyW/Wt+Ee53HFybNa1rWK1huRStKxFYVUVJGVWEWBVKqioq5VUUUypzERzPaI85TmIjme0R5y1veN4nUTOm008Yo7WtH1vd8FWXLXFXcqclorG5Xed5nUTOm008YY7WtH1/d8GGBjZMlslptaXFa02ncgCCIAAAAAAAAAAAAAAAAAAAAAAAAAAAAAAAAAAAAAAAAAAAAAAAAAAAAAAAAAAAAAAAAAAAAAAAAAAAAAAAAAAAAAAAAAAAAAAAAAAAAAAAAAAAAAAAAAAAA54cOTPkjHjjxWt5Q4Ni2zRRpcEWtH9LeOZn0j0X4MU5ba+jq42Cc1+v0fXQ6GmjxcR9LJb9a34fB2kVtVrWtYrWH0FaVpWK1hXJxckkZVUUVyqwiwKpVUVFXKnMRHM9ojzlOYiOZ7RHnLXd43idRM6fTzxijta0fW93wVZctcVdy58l4pG5N43idRM6bTTxhjta0fW93wYcGNkyWyWm1pZ1rTadyAIIgAAAAAAAAAAAAAAAAAAAAAAAAAAAAAAAAAAAAAAAAAAAAAAAAAAAAAAAAAAAAAAAAAAAAAAAAAAAAAAAAAAAAAAAAAAAAAAAAAAAAAAAAAAAAAAAAAAAAAO3tmD57XUie9a/Ss2RhdiiPnM1vbFYj9/8maa/DrEYt/d9D+H0iuHt91VFdjrlXJxchXKqiiuVWEWBVKnMRHM9ojzlOYiOZ7RHnLXt33edRM6fTzxijta0fW93wU5ctcVdy5suStI3Ju+7zqJnT6eeMUdrWj63u+DEAxcmS2S02tLLvebzuQBBEAAAAAAAAAAAAAAAAAAAAAAAAAAAAAAAAAAAAAAAAAAAAAAAAAAAAAAAAAAAAAAAAAAAAAAAAAAAAAAAAAAAAAAAAAAAAAAAAAAAAAAAAAAAAAAAAAAAAAAABlNitEZstfbNYn9/wDNm2taDP8Ao+tx2ntWZ4t8Gyw1+HeJx9fs+g/D8kWw9fsqorsdkq5OLkK5VUUVypzERzPaI85TmIjme0Q1/dt2nPzp9PPGKO1rR9b+SnLlriruXNlyVx13Ju27TqJnT6eeMUdrWj638mJBi5Mlslu0si97Xt2sAIKwAAAAAAAAAAAAAAAAAAAAAAAAAAAAAAAAAAAAAAAAAAAAAAAAAAAAAAAAAAAAAAAAAAAAAAAAAAAAAAAAAAAAAAAAAAAAAAAAAAAAAAAAAAAAAAAAAAAAAAAAABntp10ZsUYck/0lI4jn60fmwK1talotWeLR3iY8+V2LLOK3aHRx89sN+0NvVidFvNLRFNV9G3svHlPx9GVpat4i1Ji0T5THeGzjy1yRur6DHmplrusuTk4uSwlTmIjme0Q+OfVYdNXxZskV9I9s/sYLcd3vqonFiiaYfb62+KjNmrijzPlyZs1cceZ8vpuu7TnmdPp54xeVrR9b+TEgxsmS2S3azGyZLZLdpAEFYAAAAAAAAAAAAAAAAAAAAAAAAAAAAAAAAAAAAAAAAAAAAAAAAAAAAAAAAAAAAAAAAAAAAAAAAAAAAAAAAAAAAAAAAAAAAAAAAAAAAAAAAAAAAAAAAAAAAAAAAAAAAAA5482TDPOPJek/92ZhwHsTMeYexMxO4dyN211Y4jPP7YiUtuetvHFs9o/0eI+51BL4l/XaVk5skxqbT/2trWtM2tMzM+cz3lAQQABEAAAAAAAAAAAAAAAAAAAAAAAAAAAAAAAAAAAAAAAAAAAAAAAAAAAAAAAAAAAAAAAAAAAAAAAAAAAAAAAAAAAAAAAAAAAAAAAAAAAAAAAAAAAAAAAAAAAAAAAAAAAAAAAAAAAAAAAAAAAAAAAAAAAAAAAAAAAAAAAAAAAAAAAAAAAAAAAAAAAAAAAAAAAAAAAAAAAAAAAAAAAAAAAAAAAAAAAAAAAAAAAAAAAAAAAAAAAAAAAAAAAAAAAAAAAAAAAAAAAAAAAAAAAAAAAAAAAAAAAAAAAAAAAAAAAAAAAAAAAAAAAAAAAAAAAAAAAAAAAAAAAAAAAAAAAAAAAAAAAAAAAAAAAAAAAAAAAAAAAAAAAAAAAAAAAAAAAAAAAAAAAAAAAAAAAAAAAAiJmYiI5me0RD0bZfkon/ACXG7dU7nTaNLMRaKW4i8RPl4pntWfd3n9rH/JLtGn3brnDOprF6aPFbUxWYiYm0TER++0T8YZ/5c9Tqp3Pa9LNpjSfM2vERM8Tfnieffxxx8ZVWvPeK1W1iIjb5abpP5L92y/om3dUanHqbTEUnPPhiZ59nipXn4RLlT5D9wnd7YL7nijQeCbV1FcfN+ee1ZpzHf2888PLXuvyPdWZt32rNs+uy/OanQRWcV7Tza+Kfv8M9ufSYQyTeld1ncfqRaJ8S8Q1unnSa7UaWZ8U4clqeLy54mY5/c+Lvb5HG/wC4x6arJ/HLouhXPsAHgAAAAAAAD2D5DqbX8zr8toxf5Tm8VrNuPHGLjyj3c+fHu5a78sVtqt1hX/J8Y/nowR+lTi44m/M8c8fW44/c0TFmy4Jm2LLfHae0zWZrLja1rWm1pmbT3mZ7zKv4fz99pzaNaQBYgAAAAAAA++g00azcNNpZniM2WuOZjzjmYj8QZDaen8241jNkt81hmeInjmb/AAj8WSrtfTNbfM33SnzvPHe9rRz/AKVa+H97vb9N8WyZowR4KxEVmK9uK8xHEe7jt8GkOrLEYdREbQjdvLadX0dEZMdtNqY+bvxPMzFomvP61bV7TH/HLDbzttNs1lcFMk3rakW5mOJ85/Jk+ktzvTUTteW3OHPzbFEz+pk49n+lxxx7Z8Po+HVv9aYv9TH8VnlopbFNojUvI7RbUywYDmWAAAAAAO5qNm3TSYJz6nbtXhw145yZMNqxHf2zMOm3/qX+oNT/ALP8VWgLsuL4Vuu1WHJ8WvbQApWgAAAAAAAAAD0rY/k26Y3+lI2/rOmbPavinDGCK3j1+hNonz9zzVmOkbWr1jss1mYn/KGCOY/1leUL9tfLL3UT7ek5/kQ0Gmw3z6jqS2LFjibXvfBFYrHvnxdml7t0103ptfotBtPUv+UdRqNVjw5IpgmK462+tFueLecdol7D8qdpr8nu5cTxz83E8enjq8C6d/tNtf8AjcP8cKsNrWjtMvLRETqHqc/IVpIiZnf8sRHfmdNHEf8AqYuPkx6TvnjBXrzRWzWt4IxxbFNptzxxx4+efZw7vyy9X5q569NaLL4KeGL6yaz3tz+rT4cd5j29nmfTn9ptr/xuH+ODH8S1e02/o9mKx/8Ar0/U/Iltui099RqupZwYccc3yZcNa1rHrMzbiHU0XyUdNbln/R9B1tpdXm4m3zeD5u9uPXiL88PQ/lF/sBvHuwf70PzViy5cGambDkvjy47Ral6TMTWYntMT7J5eYrZMlZnt/R7MRE6/8vTOp/kh0/T/AE7rN2pvGTPbS0i0Y5wRWLd4jz8XbzeYPasvVU9U/IvueozzH6bp8cYdR5R4reKsxb9sTz8eXi3tWYrWmJ7fcmIifCALUQAAAAAAAAAAAAAAAAAAAAAAAAAAAAAAAAAAAAAAAAAAAAAAAAAAAAAAAAAAAAAAAAAAAAAG1/Jr1Bg6d6x0+p1d4x6fPScGXJbtFItxMT8PFEfse69U9K7b1ftkaXWxMTSfFhzU/Wxz6x6/B+X24dMfKdv/AEzippK5Ka3R04iMGo5maR6Vt5x8J5iPRRlx2m3avtZW2nc3/wCSHqPapvk0VKblp47xOLtk499Z9vw5a90/v+6dF73bWaXBSupilsV8WpxzxMTMecRMT5xE+b2PYvlh6b3Sa4td85tma3Ef030scz7rx7PfaKs91F0nsnV+38anFjte1ecOrxceOvbtMW9se6eyv4sx8uWE9RPmH5p1mptrNbn1eSIrfPktktWvPETMzMx8O70zoPoLbcOxZOq+qKePSUxzmw6e0dppEfr2j28+yPv5aLqOndRouro6e1c8Zf0quCbV9sWmIi0fsmJe99d7V+l9EZtq02t0e3Y7fN44yarL83jrSsxPh5+EcLMt9aiJ9o1r58vKdV8ru+01fGz4tLt+gxzxi01cFZjw+k/Z7OG8abZ9j+VTpCNxnR4tFuceLHOfFWImmWI8p/vVnmJ4n2T693nv/wAN7/8A1b01/wDn/wD+Xonyb4tu6P2rV6PcOpNlzWzZoy0nBrKzER4Yjvzx6I5JrFd09pR2n28e0GoydMdQ3nWbbpNZk0l74sum1eOL45nvWe3rz5S/Q3Re86PqTp/T7tptDj0lrc47UrWPozE8TETHseFfKPm02p693PPos2PNgyXpat8VotW0zjrz3jtPfl618jX9gsf+Iyfe8zxE0i0x5eV8TMNXpr+nul+uY0Om0uHct11m4/8AOdZmjnHpYyZP1KR6xFu8+v2Ru/yiana9q6f/AMs6/aNDuOXT3rTDj1eOtufFMRMRMxPs5n9jwLqT+1O7f43N/HZ8NZvG6bjhx4dduOr1WLF+pTNmteK9vZEz27Jzh7TE7ed/o/QnTeg6P6m2PBuuk6b2utMnMTS2ixc0tHnE/R9XiXWu649fu86bHsOh2a2ivfFfFpMcRNp54+lMRET5duzb/kR6g/Rt01Ww5rxFNVHz2GJ/v1j6UR8a9/8AZdP5Z9g/yf1Li3bFTjDuNPpzHPEZKxxPw5jw/vQpHTJNZ/kT5jcOj8nW97fTctLsWv6Z2/c41eoisajJgrbLTn/Sieaxxzx247th+UDqPpzYdzvs219KbPl1GKInPmyaSkRSe0+GIiI5nj28+5hPkx02HbY3Tq/XUidPtOCa4Ynj6eW0eUT68Tx/ttH1mrza/W59ZqbePNnyTkyW9ZmeZ/fKzpE5N/Z5vVXu/wAmvVe3dT4M2jpsul2/Looi3g0+OIxzEz51jjt3aL8tv9uMX+Bx/wAV2Q+Qn+ut0/w9f4mP+Wz+3GL/AAOP+O6utYjN4+z2Z3VrvRXSWp6v3yuhx2nFp8cePUZ+OfBTnyj3z5RH7fY37qvf9r+TWcWydL7dp66+aRfNqstYvesT5czPnPfnv2iPYznyMbZj0nRc66Ij5zXZ7Wm3Hfw1nwxHw5i0/teQda6y2u603fUWnnnVXpX4Vnwx+6Eqz3yTE+oeeq7eo/J1v+t6/puWj6kwaPX6fBSk18eniJibTPb0+rz6vPflF6Ww9J9TW0ul8X6JnxxmwxbvNYmZia8+3iY+xOheus/ROp1V6aOurw6utYyY5vNJia88TE8T/ennsdQdQ5/lB6w0Vs2H9Fx5b49Ljx1t4ppE24meeO8829EoraMkz9CZiYbT0F0DtuLYr9V9UU8elpjnNh094nw+CI58do9vPsjy+PLF6v5X99pq/Ds2HS6DQY54xaeuGsx4Y9kz+z2cPVuudq/TOic+1aXWaTbqWjHjjJqcnzeOtImPo8/COHj/AP8ADS//ANWdN/8A50//ANVdL1tu1iYmPEPQdNtGx/Kr0fG4zo8Wi3KPFjnNirETjyxHlP8AerPMTxPsn17vENbo8+367PotTXwZtPknHePSYnif3w9y+TjBoOjtp1ei3DqPZs1s2f52s4NZWYiPDEe3j0eXfKRl0ufr3c82jzY82HJalq5MV4tWZ8Fee8e/lLFM9prHot621d9dLqLaXWYdTSObYr1vET5TMTE/g+Q6Fb0jnBqsEZMU/O6bPWZpM9/FHtiff7Jj1a5rulOZm+hyxET3+byez9v5sTtu86za5mMFotivPN8WSPFS0+vun3xMS2HR9V6HPxXVUvpbT2m0fTx/H1j4cW+LujLjy1iuWPKqa2rO6tbvp9dtGrxZr4r4smK8Wpae8cxPMcT7fJ2dVvltZu2PX59DpvDSvh+YrFpxzHE/3pmee/Pn5tyicGs03irOPPhyduY4tE+6ff7mndQbTTbtTW+H/M5eZiJ7+GfT96GXBOOvas7greLTqWx7ZG17npIz49Bp6zEzW1ZxVmaz6eXfz82B6iz4aai2ixaDDp5x2i3zlIiJtHHw8u69K62NPuNtPaeKaiOI8uPFHMx+MfGXd6u0XixYtbWO9P6O/wAPZP28/ala3xMPaI8whEdcmpYjZ9Zh02onHm0OPVRlmKxFoiZrPPs5+Pkz296vbdq8OKm26bJnvHiiJxRFax6+/wAvJh+mdJXPuX6Rk4jFpo8c2t5c+zv7PX9jo7jq5124ZtTPle30YnziPZH2Qprea4v+Vk1i12f6f2jT02++56vFGWa1tkrWYiYitYnmePKZ7S6//LLXRn8cYsUU5/V788enLL9N6rFqtopg7TfFE0yUnvzE8+z04dHW9HRa030OeKxM/wCby88RH+lH3cftXzS8UrONRFqze0ZWS/S9PuPTutz6ekUjJiyTkiIiJ8cRz39Z7R3a9oN60Gl0OLBn2rFnyU58WS0Vmbd+e/b0nh1723fZMWTS3i+DHqKzW0cRMWiY4mOe/sn2Sxjnvkt2iYjU6XUx11rfjb0bdtRi0u25c+fBGfHTw847ccT3j1988tY1G/bbl02XHTZsFLXpNa3iK81mY7T5ftZ/qb+oNT/s/wAdWgujk5LVtqPs5+LSLUmZ+/8AZktj2i+76vwTM0w04tktHnx7Ij3yz257xp+n7foO2afHXJER85MxPEe6fbM8T7ZdrpPTVxbJTLHnnta0z8JmvH7mL1/TuXU7hqM87hpa/OZJtFbXnmI58vwRrjtXHFqx5l5bJW+Wa3nxH0d3Zd9rvVraHcMOK1piZpHHMW93E+32wwvUezU2vVVtg5/R83M0iZ5ms+2OfTv/AMebI7Psc7dumHV5NfpLUx881rfv3iY/F2ur8+HLtGOMeTHe3z9Z+jMTPHhl7as2xbv7h5W8UzxGOfll9OnN60+ttbS00ePS5K18U/NREVvx2549fJ3eocej1EafW7rmvfFpfFEUmZtOSZ44r+6e34ctZ6N/rm3+pn74d7rn/N6D45P9wi0ThmZhG1NcqK1mY3Ds6Dq/RW1VNLXTzpsHMRjvExERPPtiPKP2y7e+bBpt1rGWJpp89ZibZeP1q+3n17e39jz96duk8bRrP8Pk/hkxX+JSYv50rz4/g5KTi8b8fs16nUOz7JMafbNLObw/Rvl54m0e6fOf3R6M9WdB1BtlbXr87hyRMRFuItSfd6Tz/wAcPM29dFT/APwt/dnt91TBkm9uk+jmYa46fFrM9on7tL1mmtotbn0tpi1sWSaTMeU8Txy+LK9TREdRauI7d4n/ANMMU45jU6adLdqxIy/SX9stk/8AEMH/AOyrEMv0l/bLZP8AxDB/+yqNvUrHu/yq/wDV7uP/AJf8dX5xfo75Vf8Aq93H/wAv+Or84qON+Qt+YZHp3+021/43D/HDHMj07/aba/8AG4f44dEvJ9P0R8o39gN3/wBR/vQ/Mz9M/KN/YDd/9R/vQ/Mzn435J/5/s9v+YAdCIAAAAAAAAAAAAAAAAAAAAAAAAAAAAAAAAAAAAAAAAAAAAAAAAAAAAAAAAAAAAAAAAAAAAAAAD0v5Jdj0PUO2dRaPV6bBkvbFirhyXxxa2KbRkiZrPHbyjyed67RZ9u12fRanHNM2C8471n2TEvUfkLz49PO/5MuSKY6Y8N72t2iIj5zv8OGZ6o6N2X5RsMb305uen/TfDEXmJ5rk7RxF4862jt5x8Yc/xOuSYn0u1uunhz2z5EN51Or2rcNqz2m+LRWpfDMzz4Yv4ua/DmvP7WkR8kPWU6r5r9AwxTnj579Jp4fj58/ubzt2TaPkg6bz49Zq8Or3rVcXtp8U97TET4Y9YpHfvPv49DNNbV6x5l5WJidy1X5R9dpdH8reDV8/R0l9NfNNY5nmsxafjPh4el/Kfor7j8n24xh4tbHWuePSYraJn/08vz1ue4ajdty1G4ay3jz6nJN7zHlzM+Ue72R7ns/ya9faHeNoxdP7xmpj1uOnzVJy27ainHEd5+tx2mPb5x7ePMlZrFbR9HsTEzp4cPT+o/kY3TFr8mXYbY8+lvaZpiyZIrfHHpzPaY9/L5bV8neLpm9N5601en02lwW8VdNFovbNaPKvbz8vKF0XrMb3/f8A6efDn6vNrVtS81tE1tHnE9ph+gPka/sFj/xGT73kW7anWdf9Z3tt2jx48urtNdPgr4afRrEz3ntzPETMzM/g9y+T3p/WdM9K49u10451Hzl8loxzzEcz5cqeRMdP1Kx53D899S/2p3b/ABub+OzGvQetfk03/Ra/c95xVw6jQzky6m165Ii1KzM2nmJ9vw5efOisxMbiUbRMS7m0bnm2bdtLuWnnjJpcsZIiJ454nvHwmO0vf+t9sw9afJ9fPov6W3zVdZpZiOZmYjniPfNZmPi/Oj3L5GOoo1fTeo2rU5Pp7bbxUmef81bmf3TFv2cKc8TERaPo9pP0ad1vMdMdH7P0finjUZK/puv485tPPFZ9e/P/ANkPPmW6p3i+/wDUuv3S081z5ZnH59qR2rH/ANsQxMRzMRHtW0iYjy8mdy9S+Qn+ut0/w9f4nQ+Wz+3GL/A4/wCO7cPkp6I3fpnPrdbulMeL9Jx1pTHXJFp4555mY7Q6nyrdCbtve5Rvm2/NZceHSxTLiteK2iKza3Mc9vKf3OftX43tKYnrpm/kd1ePUdAYMNJ5tps+THePSZt4/utDxrrnQZNu613bT3jjnU2vX2c1tPiifslmPkz63p0nu19Prpn/ACdrOIy2jmfmrx5X49O/E9uePhw9I666D03XGDBu+0arDGq8ERXLWYtTNT2d4/dJX/TyT29Sfmh4C72zamu373t+uzRMYsGqx5JnjntW8TPHr2huGm+SDfaXnLu+fS7bosf0sufJmrbw19s+n2y6XXG/bRn02i6e6ew1nbtu5/5zNY8We/tnnz48/jPwh0dqzOo8o617ewfKbob7l8n25Vw/StjrXNHHtitotP7ol+bnuPyadfaHeNoxbBu+WmPW4qfM0nLbtqKR2jvP1uO0x7fOPbxgOpPkX3KmvyZthvjzabJaZriyXitscenM+cKcMxTdLeHto35h5at6Xx2mt6TW0edZjiYelbX8nWDpi1N5601mn0+lwW8VdLW0WtmtHeI7efl5Q03qvf56l6h1O5Rgpp8d5iuPHWIia0jy54859vP4LovEzqEdMMyvTOOuXfcNL0i9Zpkma2iJjtS0/gxTL9K8/wDKHBFY5maZIiP/AC7LKfmhGfTh1Dov0TcrWrXjFm+lXiO3Ptj7WLb9q9Jpd1rk0VrUtlpPetZj5yk8efh9O/f2Naz9La/HfjF83mr7JieJ4+EujLhntM08whW8a1L6dJ6rJTc50kT/AEeelpms+UTWJtE/HtMftZDq61I27DWf1py8xHu4nn74Nq2jHsni124ajHW0RNaTEzxXt3+M8duI9nqwW87rbdNVF6xNMWOJrjrPnx7Z+L3c48M1t7lHXa/aHRx5L4ctcmOfDekxasx5xPPm3+fmt52jniIpqcfMR3mKz+PFo/c8+bX0hrfHgzaK082xz85jjvPae0x7o547e+UeNeIt1n6mau69o+j4Z6W2Xpn5m0eDU6y0xaO3MV9PfHHb/aa2y/Uut/St0vSs848H9HEd/P2zx8e37GIVZJjtqPUJUieu5+rJ6jQa7ZsWl11c0V+eiZpbFM8x2ieJ/ZP7e7vaPq/U4uK6vDTNX22r9G3n5+k9vZxDN20uDcdi0ml1F4xzmxUnFPMc+OKx5R7fPv7pa1k6W3WuWaVxUvXnteMkRH2TP4L5pkxzvHKqL0vGsjccE6PfNDFf18GojwzzHes8+fumJ/44ec5KWx5bY7frUmaz8eW86e2PpPZqX1GSts3M3x4v/mX9nEf3e3efx4hokzMzzPeZ85R5FotMb9/U49ZiLa9fRv8A1L/UGp/2f4qtAel5sWDc9umsT4sGpx81tHp6/Hn97WcnR04cWTNm3DHjw0+vOPiOfZHn2+1byMdrz2r60o42WtKzS3vbMdLZq5Nhw1r54rWpb48zb7rQ1HfcV8O96ut/O2Wbxx6W+lH7pdvpveabZqbY9RMxps/HimOZ8E/3uPT4fhw2Td9jwb1ix58WWK38PFMteLVvHP7+/ojr42KIj3CW/gZpmfUtBc/m7/Nxk8E+CZ4i3HblseHonV2y8ZdTiinnPg5mePsj73Dftx0WDQU2bbfBkx0mJyZY4mJn0ifb378x+zsonHNY3bw6IzVvbVPP/h8ujf65t/qZ++Hf65/zeg+OT/cfbpXYNbpcldwy0/o8uH6EV5mZieJj9zvdSbBrN3w4PmI4thm0+G8TEWiYjy9/Z0VrPwJhxXyVjlRO/Gv7vPnp+6f1PrP8Pk/hlom07Bq93z5cWHwx8zMRkmeZ47z6eflL0LVaPLqdFn08UvWcuO1InwzPHMTH4vOPWetv1/y85t6/Ep59T/Z5S3ron+pcn+It91Ws6rp7X6TdMO25K1+fz1i2Pie1o5mPviW79P7Nqdq275jNTxZLXm8+GJmI8o4/c841Zi+5T5+Ss4NRPtpPU/8AaLV/Gv8ADDFNr6s6e1lM2p3eIidP9Gbc8xNf1a/t7tUc96zW0xLrwWrfHWYkZfpL+2Wyf+IYP/2VYh6b0j8lPUOHfNt3PXfo+n0+nz49RMfOxa9vDMWiO3b2ceam9ois7ld9XoPyqf8AV7uP/l/x1fnF+peq9j/5SdOavaoyfNznrHhvPeImJiY/fD8/9U9B7x0lgx6jcPmLYct/BS+LJzzPHPl7O0KePaOvV7adW8taZHpz+021/wCNw/xwxz07pr5IuoMW8aLXa+2n02HT5qZrVjJ47z4Zi3Hbt7OPN0WtWseUXpXyi/2A3f8A1H+9D8zv1X1FtMb7sOs2ucnzf6Vjmnj458M+yXgPU/yb730vob6/Vzp8mlreK/OYsnfmZ7dpcvHtXr139UreLNSAdaIAAAAAAAAAAAAAAAAAAAAAAAAAAAAAAAAAAAAAAAAAAAAAAAAAAAAAAAAAAAAAAAAAAAAAAAA+mn1GfSZq59NmyYcteeL47TW0duO0x38pfMEmWt1Z1Hek0v1Bulqz2mJ1uSYn97F3vfLktkyWm97zNrWtPMzPrLiEREeoAARZPT9TdQaXFXFp983HDjrERWmPV3rERx7IifSHS1et1evz/P6zVZdTlmOJyZsk3njn1n4viPNR9kgB6iAAAAAAAAO5od43TbItGg3HV6OLTzMafNbHzPv8MumCTu63et13Ola7huWs1lazzFdRntkiJj2x4p98ukB6BlMHU3UGlxVw6ffNxw46REVpj1d6xEceUREsWExE+x9tXrdVr8/z+t1WXU5ZjicmbJN54+M9/a+IAACI7sbzusRFY3PWcR5R+kW4+90gH0zajNqcnzmfNky3448V7zaePjL5xEzMREczPaIgffQ56aXX6fUZKzemLLW9qxPE2iJieOfZ5A5anbdZpMVcmowXx1t5TPr6e5mdsp/kbZc+6ZI4zZ48GCJjv8fx7+yGXzb3sWo0toy6uL1tHM4bYr+Ke/l5cc/7XHvatvG623PUVmtPm8OOPDix+kevx7Om0Y8c9qztVHa/i0MfMzM8z3mQHMtHdx73u2GsVx7prKVrHEVrqLxER6R3dIByyZMmbJOTLkm97d5taZmZ/a4gDtaTdNw0FbU0ev1WmraeZrhy2pEz68Q4arW6vXXi+r1WXUWjytlyTaY/bL4AD76XX6zQ2m2k1efT2t5ziyTWZ+z4vgA7Wo3TcdZi+a1Ov1OfHHlXJltaPsl1QD0AAAAAAAAAAAAAAAAAAAAAAAAAAAAAAAAAAAAAAAAAAAAAAAAAAAAAAAAAAAAAAAAAAAAAAAAAAAAAAAAAAAAAAAAAAAAAAAAAAAAAAAAAAAAAAAAAAAAAAAAAAAAAAAAAAAAAAAAAAAAAAAAAAAAAAAAAAAAAAAAAAAAAAAAAAAAAAAAAAAAAAAAAAAAAAAAAAAAAAAAAAAAAAAAAAAAAAAAAAAAAAAAAAAAAAAAAAAAAAAAAAAAAAAAAAAAAAAAAAAAAAAAAAAAAAAAAAAAAAAAAAAAAAAAAAAAAAAAAAAAAAAAAAAAAAAAAAAAAAAAAAAAAAAAAAAAAAAAAAAAAAAAAAAAAAAAAAAAAAAAAAAAAAAAAAAAAAAAAAAAAAAAAAAAAAAAAAAAAAAAAAAAAAAAAAAAAAAAAAAAAAAAAAAAAAAAAAAAAAAAAAAAAAAAAAAAAAAAAAAAAAAAAAAAAAAAAAAAAAAAAAAAAAAAAAAAAAAAAAAAAAAAAAAAAAAAAAAAAAAAAAAAAAAAAAAAAAAAAAAAAAAAAAAAAAAAAAAAAAAAAAAAAAAAAAAAAAAAAAAAAAAAAAAAAAAAAAAAAAAAAAAAAAAAAAAAAAAAAAAAAAAAAAAAAAAAAAAAAAAAAAAAAAAAAAAAAAAAAAAAAAAAAAAAAAAAAAAAAAAAAAAAAAAAAAAAAAAAAAAAAAAAAAAAAAAAAAAAAAAAAAAAAAAAAAAAAAAAAAAAAAAAAAAAAAAAAAAAAAAAAAAAAAAAAAAAAAAAAAAAAAAAAAAAAAAAAAAAAAAAAAAAAAAAAAAAAAAAAAAAAAAAAAAAAAAAAAAAAAAAAAAAAAAAAAAAAAAAAAAAAAAAAAAAAAAAAAAAAAAAAAAAAAAAAAAAAAAAAAAAAAAAAAAAAAAAAAAAAAAAAAAAAAAAAAAAAAAAAAAAAAAAAAAAAAAAAAAAAAAAAAAAAAAAAAAAAAAAAAAAAAAAAAAAAAAAAAAAAAAAAAAAAAAAAAAAAAAAAAAAAAAAAAAAAAAAAAAAAAAAAAAAAAAAAAAAAAAAAAAAAAAAAAAAAAAAAAAAAAAAAAAAAAAAAAAAAAAAAAAAAAAAAAAAAAAAAAAAAAAAAAAAAAAAAAAAAAAAAAAAAAAAAAAAAAAAAAAAAAAAAAAAAAAAAAAAAAAAAAAAAAAAAAAAAAAAAAAAAAAAAAAAAAAAAAAAAAAAAAAAAAAAAAAAAAAAAAAAAAAAAAAAAAAAAAAAAAAAAAAAAAAAAAAAAAAAAAAAAAAAAAAAAAAAAAAAAAAAAAAAAAAAAAAAAAAAAAAAAAAAAAAAAAAAAAAAAAAAAAAAAAAAAAAAAAAAAAAAAAAAAAAAAAAAAAAAAAAAAAAAAAAAAAAAAAAAAAAAAAAAAAAAAAAAAAAAAAAAAAAAAAAAAAAAAAAAAAAAAAAAAAAAAAAAAAAAAAAAAAAAAAAAAAAAAAAAAAAAAAAAAAAAAAAAAAAAAAAAAAAAAAAAAAAAAAAAAAAAAAAAAAAAAAAAAAAAAAAAAAAAAAAAAAAAAAAAAAAAAAAAAAAAAAAAAAAAAAAAAAAAAAAAAAAAAAAAAAAAAAAAAAAAAAAAAAAAAAAAAAAAAAAAAAAAAAAAAAAAAAAAAAAAAAAAAAAAAAAAAAAAAAAAAAAAAAAAAAAAAAAAAAAAAAAAAAAAAAAAAAAAAAAAAAAAAAAAAAAAAAAAAAAAAAAAAAAAAAAAAAAAAAAAAAAAAAAAAAAAAAAAAAAAAAAAAAAAAAAAAAAAAAAAAAAAAAAAAAAAAAAAAAAAAAAAAAAAAAAAAAAAAAAAAAAAAAAAAAAAAAAAAAAAAAAAAAAAAAAAAAAAAAAAAAAAAAAAAAAAAAAAAAAAAAAAAAAAAAAAAAAAAAAAAAAAAAAAAAAAAAAAAAAAAAAAAAAAAAAAAAAAAAAAAAAAAAAAAAAAAAAAAAAAAAAAAAAAAAAAAAAAAAAAAAAAAAAAAAAAAAAAAAAAAAAAAAAAAAAAAAAAAAAAAAAAAAAAAAAAAAAAAAAAAAAAAAAAAAAAAAAAAAAAAAAAAAAAAAAAAAAAAAAAAAAAAAAAAAAAAAAAAAAAAAAAAAAAAAAAAAAAAAAAAAAAAAAAAAAAAAAAAAAAAAAAAAAAAAAAAAAAAAAAAAAAAAAAAAAAAAAAAAAAAAAAAAAAAAAAAAAAAAAAAAAAAAAAAAAAAAAAAAAAAAAAAA//Z&quot; width=&quot;250&quot; /&gt;
&lt;figcaption&gt;&lt;/figcaption&gt;
&lt;/figure&gt;

&lt;h2&gt;&lt;span style=&quot;font-family:Tahoma,Geneva,sans-serif&quot;&gt;&lt;span style=&quot;font-size:18px&quot;&gt;&lt;span style=&quot;color:#595c66&quot;&gt;ขั้นตอนการแจ้งซ่อม &amp;hellip;&lt;/span&gt;&lt;/span&gt;&lt;/span&gt;&lt;/h2&gt;

&lt;h2 style=&quot;text-align:left&quot;&gt;&lt;br /&gt;
&lt;span style=&quot;font-family:Tahoma,Geneva,sans-serif&quot;&gt;&lt;span style=&quot;font-size:18px&quot;&gt;&lt;span style=&quot;color:#595c66&quot;&gt;&lt;strong&gt;ขั้นตอนที่ 1&lt;/strong&gt;&amp;nbsp;ไปที่ฟอร์มแจ้งซ่อม กรอกข้อมูลในฟอร์มให้ครบถ้วน โดยระบุชื่อวัสดุ/ครุภัณฑ์ให้ชัดเจน เพื่อง่ายต่อการตรวจสอบ ลักษณะอาการเสีย/ชำรุด และระบุสถานที่ตั้งให้ชัดเจนเพื่อความสะดวกรวดเร็วของเจ้าหน้าที่ปฏิบัติงาน โดยผู้ประสงค์แจ้งซ่อมสามารถแจ้งได้เพียง 1 รายการซ่อม ต่อ 1 แบบฟอร์มเท่านั้น การส่งเรื่องแจ้งซ่อมผ่านระบบ เมื่อยืนยันการส่งรายการแจ้งซ่อมแล้ว ระบบจะส่งข้อความผ่าน Line notify ไปแจ้งเตือนเจ้าหน้าที่ผู้รับเรื่องแจ้งซ่อม และหลังจากนั้นให้รอการดำเนินการจากเจ้าหน้าที่&lt;br /&gt;
&lt;strong&gt;ขั้นตอนที่ 2&lt;/strong&gt;&amp;nbsp;เมื่อเจ้าหน้าที่ดำเนินการรับเรื่องแจ้งซ่อมแล้ว ขั้นตอนต่อไปจะเข้าสู่กระบวนการตรวจสอบและมอบหมายการซ่อมบำรุง ในขั้นตอนนี้ผู้แจ้งซ่อมเองสามารถตรวจสอบสถานะการแจ้งซ่อมได้ผ่านหน้าระบบ ไปที่เมนู&amp;nbsp;&lt;em&gt;&lt;strong&gt;ตรวจสอบสถานะ&lt;/strong&gt;&lt;/em&gt;&amp;nbsp;จากนั้นจะมีข้อมูลการแจ้งซ่อมแสดงอยู่ และแสดงสถานะ-ขั้นตอนการดำเนินการอย่างชัดเจน&lt;br /&gt;
&lt;strong&gt;ขั้นตอนที่ 3&lt;/strong&gt;&amp;nbsp;เจ้าหน้าที่จะส่งผลการประเมินการชำรุดเสียหายและประเมินราคาในการซ่อมบำรุง เสนอไปยังรองหัวหน้าฝ่ายงานอาคารสถานที่และยานพาหนะ&lt;br /&gt;
&lt;strong&gt;ขั้นตอนที่ 4&lt;/strong&gt;&amp;nbsp;รองหัวหน้าฝ่ายงานอาคารสถานที่และยานพาหนะ มอบหมายผู้ซ่อม และกำหนดระยะเวลาในการซ่อมหรือมีข้อเสนอแนะอื่นๆ เสนอไปยังหัวหน้าฝ่ายงานอาคารสถานที่และยานพาหนะเพื่อขอผลการพิจารณาอนุมัติ การดำเนินการ&lt;br /&gt;
&lt;strong&gt;ขั้นตอนที่ 5&lt;/strong&gt;&amp;nbsp;หัวหน้าฝ่ายงานอาคารสถานที่และยานพาหนะ ตรวจสอบและพิจารณาผลการอนุมัติดำเนินการซ่อมบำรุง ขั้นตอนนี้ เมื่อทำการยืนยันผลแล้ว ระบบจะส่งข้อความแจ้งเตือผ่าน Line notify ไปยังเจ้าหน้าที่รับเรื่องเพื่อให้ทราบผลการพิจารณาการซ่อมและดำเนินการ ลำดับถัดไป&lt;br /&gt;
&lt;strong&gt;ขั้นตอนที่ 6&lt;/strong&gt;&amp;nbsp;เจ้าหน้าที่รับเรื่องแจ้งซ่อม ปริ้นท์ใบงานซ่อม แจ้งผู้เกี่ยวข้องเพื่อดำเนินการซ่อมหรือดำเนินการอื่นๆ ตามที่ผู้บังคับบัญชาได้ลงคำสั่งไว้ในขั้นตอนพิจารณาอนุมัติ&lt;br /&gt;
&lt;strong&gt;ขั้นตอนที่ 7&lt;/strong&gt;&amp;nbsp;เจ้าหน้าที่รับเรื่องแจ้งซ่อมอัพเดตสถานะการซ่อมบำรุง และแจ้งขั้นตอนการดำเนินงานซ่อม (ใช้งานได้ปกติ/ยังไม่สามารถใช้งานได้) เมื่อยืนยันการอัพเดตสถานะแล้ว ในขั้นตอนนี้ ระบบจะส่งข้อความแจ้งเตือผ่าน Line notify ไปยังหัวหน้าฝ่ายงานอาคารสถานที่และยานพาหนะ และหัวหน้าสำนักงานเลขานุการ เพื่อให้ทราบสถานะการดำเนินงาน&lt;br /&gt;
&lt;strong&gt;ขั้นตอนที่ 8&lt;/strong&gt;&amp;nbsp;สิ้นสุด กระบวนการในการดำเนินการซ่อมวัสดุ/ครุภัณฑ์&lt;/span&gt;&lt;/span&gt;&lt;/span&gt;&lt;/h2&gt;
&lt;/div&gt;
",NULL,NULL);



# Dump of employee 
# Dump DATE : 18-Apr-2022

DROP TABLE IF EXISTS employee;
CREATE TABLE employee (
  em_key char(32) NOT NULL,
  title_name int(2) DEFAULT NULL,
  em_name varchar(150) DEFAULT NULL,
  em_lastname varchar(255) DEFAULT NULL,
  em_position varchar(100) DEFAULT NULL COMMENT 'ตำแหน่ง',
  em_department varchar(100) DEFAULT NULL COMMENT 'แผนก',
  em_company int(11) NOT NULL,
  em_status int(1) NOT NULL DEFAULT '1' COMMENT '1 ปกติ 0 ลบ',
  date_create datetime NOT NULL DEFAULT CURRENT_TIMESTAMP ON UPDATE CURRENT_TIMESTAMP,
  em_class int(1) NOT NULL DEFAULT '1' COMMENT '1 ผู้ใช้งานทั่วไป, 2 เจ้าหน้าที่',
  PRIMARY KEY (em_key)
) ENGINE=MyISAM DEFAULT CHARSET=utf8;



INSERT INTO employee VALUES("ce63f18f7cf0a712fd4a2f47bc9ae14c",1,"ผู้ดูแล","ระบบ","IT","1",1,1,"2022-04-17 01:39:53",2);
INSERT INTO employee VALUES("a1f74f683e16d7d477d411660162a18e",1,"ทดสอบ","ผู้ขอใช้งาน 3","Test","1",1,1,"2022-04-17 02:17:59",1);
INSERT INTO employee VALUES("34886598cb6e54b025d2efb2bbcde55a",1,"ทดสอบ","ผู้ขอใช้งาน 2","พนง.","1",1,1,"2022-04-18 21:02:27",1);
INSERT INTO employee VALUES("66167e26b4b079089294c876acc27c67",1,"ทดสอบ","ผู้ขอใช้งาน","พนง.","1",1,1,"2022-04-18 21:02:37",2);
INSERT INTO employee VALUES("9849773cec4aea1b2f50b16b31869b1f",1,"เจ้าหน้าที่","ฝ่ายไอที","ช่างซ่อม","1",1,1,"2022-04-17 03:31:13",2);



# Dump of list 
# Dump DATE : 18-Apr-2022

DROP TABLE IF EXISTS list;
CREATE TABLE list (
  id int(3) unsigned NOT NULL AUTO_INCREMENT,
  cases varchar(64) NOT NULL,
  menu varchar(64) NOT NULL,
  pages varchar(128) NOT NULL,
  case_status tinyint(1) NOT NULL DEFAULT '1',
  PRIMARY KEY (id)
) ENGINE=MyISAM AUTO_INCREMENT=62 DEFAULT CHARSET=utf8;



INSERT INTO list VALUES(1,"setting","setting","settings/setting.php",1);
INSERT INTO list VALUES(2,"employee","employee","employee/index.php",1);
INSERT INTO list VALUES(8,"setting_users","setting","settings/setting_users.php",1);
INSERT INTO list VALUES(9,"setting_backup","setting","settings/setting_backup.php",1);
INSERT INTO list VALUES(10,"setting_info","setting","settings/setting_info.php",1);
INSERT INTO list VALUES(11,"setting_system","setting","settings/setting_system.php",1);
INSERT INTO list VALUES(12,"setting_user_access","setting","settings/setting_user_access.php",1);
INSERT INTO list VALUES(13,"administrator_access_list","setting","administrator/administrator_access_list.php",1);
INSERT INTO list VALUES(14,"administrator_cases","setting","administrator/administrator_cases.php",1);
INSERT INTO list VALUES(15,"administrator_menus","setting","administrator/administrator_menus.php",1);
INSERT INTO list VALUES(20,"service","service","it/index.php",1);
INSERT INTO list VALUES(26,"setting_card_status","setting","settings/setting_card_status.php",1);
INSERT INTO list VALUES(29,"administrator_log","setting","administrator/administrator_log.php",1);
INSERT INTO list VALUES(41,"view_info","setting","settings/view_info.php",1);
INSERT INTO list VALUES(44,"setting_services","setting","settings/setting_services.php",1);
INSERT INTO list VALUES(45,"building","building","building/index.php",1);
INSERT INTO list VALUES(48,"setting_app","setting","settings/setting_app.php",1);
INSERT INTO list VALUES(60,"report","report","report/index.php",1);
INSERT INTO list VALUES(61,"export","report","report/export.php",1);



# Dump of log_alert 
# Dump DATE : 18-Apr-2022

DROP TABLE IF EXISTS log_alert;
CREATE TABLE log_alert (
  id int(11) NOT NULL AUTO_INCREMENT,
  ticket varchar(45) NOT NULL,
  status varchar(45) NOT NULL,
  datetime datetime DEFAULT NULL,
  PRIMARY KEY (id)
) ENGINE=InnoDB AUTO_INCREMENT=6 DEFAULT CHARSET=utf8 COMMENT='เก็บการแจ้งเตือน';



INSERT INTO log_alert VALUES(1,"SKP2022-04-17-W01","0",NULL);
INSERT INTO log_alert VALUES(2,"SKP2022-04-17-W02","0",NULL);
INSERT INTO log_alert VALUES(3,"SKP2022-04-17-W04","0",NULL);
INSERT INTO log_alert VALUES(4,"SKP2022-04-17-W03","0",NULL);
INSERT INTO log_alert VALUES(5,"SKP2022-04-17-W05","0",NULL);



# Dump of logs 
# Dump DATE : 18-Apr-2022

DROP TABLE IF EXISTS logs;
CREATE TABLE logs (
  log_key varchar(16) NOT NULL,
  log_date timestamp NOT NULL DEFAULT CURRENT_TIMESTAMP,
  log_ipaddress varchar(32) NOT NULL,
  log_text varchar(256) NOT NULL,
  log_user varchar(32) NOT NULL
) ENGINE=MyISAM DEFAULT CHARSET=utf8;



INSERT INTO logs VALUES("f19554fae23d929b","2022-04-17 01:44:02","::1","superadmin ออกจากระบบ.","ce63f18f7cf0a712fd4a2f47bc9ae14c");
INSERT INTO logs VALUES("a2d7c7ee03e7aef5","2022-04-17 01:44:16","::1","superadmin เข้าสู่ระบบ.","ce63f18f7cf0a712fd4a2f47bc9ae14c");
INSERT INTO logs VALUES("efc78be22249ea54","2022-04-17 01:53:54","::1","a@b.com เข้าสู่ระบบ.","9849773cec4aea1b2f50b16b31869b1f");
INSERT INTO logs VALUES("d863efb0b3efe32c","2022-04-17 02:18:22","::1","a@w.com เข้าสู่ระบบ.","a1f74f683e16d7d477d411660162a18e");
INSERT INTO logs VALUES("7e9b4cbe68a5176b","2022-04-17 03:34:41","::1","superadmin ออกจากระบบ.","ce63f18f7cf0a712fd4a2f47bc9ae14c");
INSERT INTO logs VALUES("686246e620598f42","2022-04-18 20:48:11","::1","superadmin เข้าสู่ระบบ.","ce63f18f7cf0a712fd4a2f47bc9ae14c");
INSERT INTO logs VALUES("e40c91a96c76cc49","2022-04-18 20:49:05","::1","a@b.com เข้าสู่ระบบ.","9849773cec4aea1b2f50b16b31869b1f");



# Dump of menus 
# Dump DATE : 18-Apr-2022

DROP TABLE IF EXISTS menus;
CREATE TABLE menus (
  menu_key char(32) NOT NULL,
  menu_icon varchar(256) NOT NULL,
  menu_name varchar(128) NOT NULL COMMENT '<span class="pull-right"><span class="badge" id="card_count"></span></span>',
  menu_case varchar(128) NOT NULL,
  menu_link varchar(256) NOT NULL,
  menu_status tinyint(1) NOT NULL,
  menu_sorting int(11) NOT NULL,
  PRIMARY KEY (menu_key)
) ENGINE=InnoDB DEFAULT CHARSET=utf8;



INSERT INTO menus VALUES("21adef826d326d4bae44eb0c9e19b8b1","fa-laptop-medical","แจ้งซ่อมฝ่ายสารสนเทศ","service","?p=service",1,2);
INSERT INTO menus VALUES("2309e0cdb2c541bf7cb8ef0dee7b7eba","fa-cogs","ตั้งค่า","setting","?p=setting",1,98);
INSERT INTO menus VALUES("295744c466c17b46170f88b5c1b9104d","fa-address-card","แจ้งซ่อมฝ่ายอาคาร","building","?p=building",1,3);
INSERT INTO menus VALUES("a16043256ea5ca0ea86995e2b69ec238","fa-home","หน้าแรก","","index",1,1);
INSERT INTO menus VALUES("a9b2d4fb55890e95a4c0d8f1150ddd5e","fa-chart-bar","แสดงกราฟรายงาน","report","?p=report",1,5);
INSERT INTO menus VALUES("c2bb8023b1ae36aac9cbc8d16c1b27e6","fa-download","ออกรายงาน","export","?p=export",1,6);
INSERT INTO menus VALUES("c6c8729b45d1fec563f8453c16ff03b8","fa-sign-out-alt","ออกจากระบบ","logout","../core/logout.core.php",1,99);
INSERT INTO menus VALUES("f1344bc0fb9c5594fa0e3d3f37a56957","fa-users","พนักงาน","employee","?p=employee",1,4);



# Dump of os_system 
# Dump DATE : 18-Apr-2022

DROP TABLE IF EXISTS os_system;
CREATE TABLE os_system (
  id int(2) NOT NULL,
  os_name varchar(100) DEFAULT NULL,
  PRIMARY KEY (id)
) ENGINE=InnoDB DEFAULT CHARSET=utf8;



INSERT INTO os_system VALUES(1,"v.1");



# Dump of prefix_title 
# Dump DATE : 18-Apr-2022

DROP TABLE IF EXISTS prefix_title;
CREATE TABLE prefix_title (
  prefix_code int(3) unsigned NOT NULL AUTO_INCREMENT,
  prefix_key varchar(32) NOT NULL,
  prefix_title varchar(64) NOT NULL,
  prefix_status tinyint(1) NOT NULL,
  prefix_insert timestamp NOT NULL DEFAULT CURRENT_TIMESTAMP,
  PRIMARY KEY (prefix_code)
) ENGINE=InnoDB AUTO_INCREMENT=2 DEFAULT CHARSET=utf8;



INSERT INTO prefix_title VALUES(1,"00d3ee50b62c10ee1f590819a045ea47","นาย",1,"2019-01-04 15:22:28");



# Dump of problem_comment 
# Dump DATE : 18-Apr-2022

DROP TABLE IF EXISTS problem_comment;
CREATE TABLE problem_comment (
  ID int(6) NOT NULL AUTO_INCREMENT,
  ticket varchar(150) NOT NULL,
  admin_update varchar(255) NOT NULL,
  status varchar(255) NOT NULL,
  comment varchar(255) DEFAULT NULL,
  date datetime NOT NULL DEFAULT '0000-00-00 00:00:00',
  PRIMARY KEY (ID)
) ENGINE=InnoDB AUTO_INCREMENT=8 DEFAULT CHARSET=utf8;



INSERT INTO problem_comment VALUES(1,"SKP2022-04-17-W01","9849773cec4aea1b2f50b16b31869b1f","47ea92cfc142a08b40abe2ddbf8837a8",NULL,"2022-04-17 02:30:00");
INSERT INTO problem_comment VALUES(2,"SKP2022-04-17-W01","9849773cec4aea1b2f50b16b31869b1f","3b2bd9e319992d5b63bfbbd7301b6882","ทดสอบ","2022-04-17 02:30:43");
INSERT INTO problem_comment VALUES(3,"SKP2022-04-17-W01","9849773cec4aea1b2f50b16b31869b1f","2e34609794290a770cb0349119d78d21","เสร็จสิ้น","2022-04-17 02:36:47");
INSERT INTO problem_comment VALUES(4,"SKP2022-04-17-W02","9849773cec4aea1b2f50b16b31869b1f","57995055c28df9e82476a54f852bd214",NULL,"2022-04-17 02:55:18");
INSERT INTO problem_comment VALUES(5,"SKP2022-04-17-W03","9849773cec4aea1b2f50b16b31869b1f","2e34609794290a770cb0349119d78d21",NULL,"2022-04-17 03:02:14");
INSERT INTO problem_comment VALUES(6,"SKP2022-04-17-W05","9849773cec4aea1b2f50b16b31869b1f","2e34609794290a770cb0349119d78d21",NULL,"2022-04-17 03:07:05");
INSERT INTO problem_comment VALUES(7,"SKP2022-04-17-W04","ce63f18f7cf0a712fd4a2f47bc9ae14c","47ea92cfc142a08b40abe2ddbf8837a8",NULL,"2022-04-17 03:07:28");



# Dump of problem_list 
# Dump DATE : 18-Apr-2022

DROP TABLE IF EXISTS problem_list;
CREATE TABLE problem_list (
  ID int(5) NOT NULL AUTO_INCREMENT,
  ticket varchar(100) CHARACTER SET utf8 DEFAULT NULL,
  user_key varchar(255) CHARACTER SET utf8 DEFAULT NULL,
  se_other varchar(255) CHARACTER SET utf8 DEFAULT NULL,
  se_asset varchar(255) CHARACTER SET utf8 DEFAULT NULL,
  pic_before varchar(100) CHARACTER SET utf8 DEFAULT NULL,
  pic_after varchar(100) CHARACTER SET utf8 DEFAULT NULL,
  se_namecall varchar(100) CHARACTER SET utf8 DEFAULT NULL,
  se_req int(2) NOT NULL COMMENT '1 ไอที 2 อาคาร',
  status varchar(255) CHARACTER SET utf8 DEFAULT NULL,
  date date DEFAULT NULL,
  date_update date DEFAULT '0000-00-00',
  admin_update varchar(255) CHARACTER SET utf8 DEFAULT NULL,
  time_start time DEFAULT NULL,
  time_update time DEFAULT NULL,
  se_assign varchar(255) CHARACTER SET utf8 DEFAULT NULL,
  rate double DEFAULT NULL,
  PRIMARY KEY (ID)
) ENGINE=InnoDB AUTO_INCREMENT=6 DEFAULT CHARSET=utf8 COLLATE=utf8_unicode_ci ROW_FORMAT=COMPACT;



INSERT INTO problem_list VALUES(1,"SKP2022-04-17-W01","66167e26b4b079089294c876acc27c67","ทดสอบรายการแจ้งซ่อม","RE001",NULL,NULL,"1234",1,"2e34609794290a770cb0349119d78d21","2022-04-17","2022-04-17","9849773cec4aea1b2f50b16b31869b1f","01:58:49","02:36:47","9849773cec4aea1b2f50b16b31869b1f","4");
INSERT INTO problem_list VALUES(2,"SKP2022-04-17-W02","a1f74f683e16d7d477d411660162a18e",NULL,"RE001",NULL,NULL,"1234",1,"57995055c28df9e82476a54f852bd214","2022-04-17","2022-04-17","9849773cec4aea1b2f50b16b31869b1f","02:42:08","02:55:18","9849773cec4aea1b2f50b16b31869b1f",NULL);
INSERT INTO problem_list VALUES(3,"SKP2022-04-17-W03","34886598cb6e54b025d2efb2bbcde55a","Test","RE001",NULL,NULL,"1234",1,"2e34609794290a770cb0349119d78d21","2022-04-17","2022-04-17","9849773cec4aea1b2f50b16b31869b1f","02:50:59","03:02:14","9849773cec4aea1b2f50b16b31869b1f",NULL);
INSERT INTO problem_list VALUES(4,"SKP2022-04-17-W04","a1f74f683e16d7d477d411660162a18e","RR","RE001",NULL,NULL,"1234",1,"47ea92cfc142a08b40abe2ddbf8837a8","2022-04-17","2022-04-17","ce63f18f7cf0a712fd4a2f47bc9ae14c","02:51:32","03:07:28","ce63f18f7cf0a712fd4a2f47bc9ae14c",NULL);
INSERT INTO problem_list VALUES(5,"SKP2022-04-17-W05","a1f74f683e16d7d477d411660162a18e",NULL,"RE001",NULL,NULL,"1234",2,"2e34609794290a770cb0349119d78d21","2022-04-17","2022-04-17","9849773cec4aea1b2f50b16b31869b1f","03:05:09","03:07:05","9849773cec4aea1b2f50b16b31869b1f",NULL);



# Dump of system_alert 
# Dump DATE : 18-Apr-2022

DROP TABLE IF EXISTS system_alert;
CREATE TABLE system_alert (
  alert_key char(150) NOT NULL,
  alert_line_token char(150) DEFAULT NULL,
  alert_mail_server varchar(255) DEFAULT NULL,
  alert_mail_user varchar(100) DEFAULT NULL,
  alert_mail_pass varchar(50) DEFAULT NULL,
  alert_mail_get varchar(50) DEFAULT NULL,
  PRIMARY KEY (alert_key)
) ENGINE=InnoDB DEFAULT CHARSET=utf8;



INSERT INTO system_alert VALUES("cd5fe35c5af97026fd4efdfe4afd4376","ILXVattVGcBm5preH3uqlAlJ4jqDCacByvGJ27YEvAx",NULL,NULL,NULL,NULL);



# Dump of system_info 
# Dump DATE : 18-Apr-2022

DROP TABLE IF EXISTS system_info;
CREATE TABLE system_info (
  site_key char(32) NOT NULL,
  site_logo varchar(256) NOT NULL,
  site_favicon varchar(256) NOT NULL,
  site_name varchar(255) DEFAULT NULL,
  site_color_form varchar(255) DEFAULT NULL,
  site_color_name varchar(255) DEFAULT NULL,
  time_zone varchar(128) NOT NULL
) ENGINE=InnoDB DEFAULT CHARSET=utf8;



INSERT INTO system_info VALUES("8f411b77c389d5de467af8f2c0e91cda","91687.jpg","91687.jpg","SKP. Service","#fcfcfc","#826a26","Asia/Bangkok");



# Dump of use_status 
# Dump DATE : 18-Apr-2022

DROP TABLE IF EXISTS use_status;
CREATE TABLE use_status (
  status_key char(32) NOT NULL,
  status_name varchar(128) NOT NULL,
  status_color varchar(16) NOT NULL,
  status tinyint(1) NOT NULL DEFAULT '1',
  status_use int(1) NOT NULL DEFAULT '3' COMMENT '1 = it, 2 building, 3 All',
  date_create timestamp NOT NULL DEFAULT CURRENT_TIMESTAMP,
  PRIMARY KEY (status_key)
) ENGINE=InnoDB DEFAULT CHARSET=utf8;



INSERT INTO use_status VALUES("2e34609794290a770cb0349119d78d21","ดำเนินการเรียบร้อย","#26eb15",1,3,"2018-12-08 13:47:10");
INSERT INTO use_status VALUES("3b2bd9e319992d5b63bfbbd7301b6882","รอดำเนินการสั่งซื้ออุปกรณ์","#bc680f",1,3,"2020-02-18 11:45:58");
INSERT INTO use_status VALUES("47ea92cfc142a08b40abe2ddbf8837a8","กำลังซ่อม","#fff500",1,3,"2018-12-08 13:48:29");
INSERT INTO use_status VALUES("57995055c28df9e82476a54f852bd214","ยกเลิกการแจ้ง","#ff0000",1,3,"2018-12-08 13:49:07");
INSERT INTO use_status VALUES("befb5e146e599a9876757fb18ce5fa2e","รับดำเนินการ","#38c7d8",1,3,"2020-02-04 15:10:13");



# Dump of user 
# Dump DATE : 18-Apr-2022

DROP TABLE IF EXISTS user;
CREATE TABLE user (
  id int(11) NOT NULL AUTO_INCREMENT,
  user_key char(32) NOT NULL,
  name varchar(64) NOT NULL,
  lastname varchar(64) DEFAULT NULL,
  username varchar(64) NOT NULL,
  password varchar(32) NOT NULL DEFAULT 'e10adc3949ba59abbe56e057f20f883e',
  user_photo varchar(128) NOT NULL DEFAULT 'noimg.jpg',
  user_class tinyint(1) NOT NULL DEFAULT '1' COMMENT '1=user,2=admin,3=super admin',
  user_status tinyint(1) NOT NULL DEFAULT '1',
  email varchar(128) DEFAULT NULL,
  data_time datetime NOT NULL DEFAULT CURRENT_TIMESTAMP ON UPDATE CURRENT_TIMESTAMP,
  PRIMARY KEY (id)
) ENGINE=MyISAM AUTO_INCREMENT=6 DEFAULT CHARSET=utf8;



INSERT INTO user VALUES(1,"ce63f18f7cf0a712fd4a2f47bc9ae14c","ผู้ดูแล","ระบบ","superadmin","ca0fb18919403ccfd99c804de7f7d14d","ce63f18f7cf0a712fd4a2f47bc9ae14c.jpg",3,1,"it@t1.com","2022-04-17 01:43:37");
INSERT INTO user VALUES(2,"9849773cec4aea1b2f50b16b31869b1f","เจ้าหน้าที่","ฝ่ายไอที","a@b.com","e10adc3949ba59abbe56e057f20f883e","noimg.jpg",2,1,"kongkiat.0174@gmail.com","2022-04-17 03:31:13");
INSERT INTO user VALUES(3,"66167e26b4b079089294c876acc27c67","ทดสอบ","ผู้ขอใช้งาน","a@s.com","e10adc3949ba59abbe56e057f20f883e","noimg.jpg",2,1,"a@s.com","2022-04-18 21:02:37");
INSERT INTO user VALUES(4,"34886598cb6e54b025d2efb2bbcde55a","ทดสอบ","ผู้ขอใช้งาน 2","a@a.com","e10adc3949ba59abbe56e057f20f883e","noimg.jpg",1,0,"a@a.com","2022-04-17 03:33:15");
INSERT INTO user VALUES(5,"a1f74f683e16d7d477d411660162a18e","ทดสอบ","ผู้ขอใช้งาน 3","a@w.com","e10adc3949ba59abbe56e057f20f883e","noimg.jpg",1,0,"a@w.com","2022-04-17 02:17:59");



